ID_Profissional,Nome_Profissional,Categoria_Profissional,Departamento,ID_Contrato
4856,Mariane Martins,Gerente de Projetos,Financeiro,73923
9711,Yuri Cunha,Gerente de Projetos,Operações,66008
7111,Arthur Gabriel Albuquerque,Financeiro,Financeiro,80004
3169,Henrique Cassiano,Advogado,Jurídico,30839
4277,Hadassa Moura,Gerente de Projetos,Vendas,50176
9585,Sr. Vitor Gabriel Guerra,Advogado,Financeiro,16947
6196,Luísa Martins,Gerente de Projetos,Financeiro,19039
3406,Mariah Oliveira,Financeiro,Jurídico,52385
5435,Alexandre Jesus,Advogado,Financeiro,22132
4781,Maria Liz Cirino,Financeiro,Vendas,41221
2447,Maria Isis Lima,Gerente de Projetos,Financeiro,76152
2021,Milena Moura,Gerente de Projetos,Operações,91604
3855,Sr. André das Neves,Gerente de Projetos,Jurídico,47749
8200,Dra. Letícia Garcia,Analista de Contratos,Operações,78792
3109,Dr. Antônio Pastor,Financeiro,Jurídico,90266
4151,Juliana Santos,Financeiro,Operações,86272
2882,Lavínia Barros,Advogado,Vendas,26025
4646,Oliver Lopes,Financeiro,Financeiro,84258
4768,Luna Cardoso,Gerente de Projetos,Financeiro,30076
6254,Amanda da Mata,Analista de Contratos,Operações,76728
4657,Thales Pimenta,Advogado,Jurídico,77766
7877,Júlia Martins,Advogado,Financeiro,63131
9485,Eduardo Cavalcanti,Advogado,Operações,73940
7025,Asafe Nogueira,Advogado,Vendas,70776
7914,Benicio da Mota,Advogado,Jurídico,39489
9505,Ana Lívia da Costa,Advogado,Financeiro,22981
4170,Alexia Sousa,Advogado,Financeiro,42921
3380,Isabelly da Cruz,Advogado,Operações,63932
3037,Hadassa Lima,Advogado,Vendas,51625
3826,Raul Pacheco,Gerente de Projetos,Vendas,73669
2064,Renan Teixeira,Advogado,Jurídico,25343
5783,Ana Cecília Fonseca,Advogado,Vendas,17441
9250,Dr. Augusto Correia,Financeiro,Financeiro,83307
2677,Dr. Raul Sampaio,Analista de Contratos,Financeiro,73092
6614,Heloisa Camargo,Gerente de Projetos,Jurídico,54026
6410,Sra. Cecilia Cavalcanti,Advogado,Financeiro,50223
8937,Raul Porto,Financeiro,Vendas,81670
5593,Vitória Castro,Gerente de Projetos,Financeiro,34546
3941,Otávio da Cruz,Analista de Contratos,Operações,43102
4059,Carolina da Mota,Analista de Contratos,Jurídico,45456
7958,Luan Rodrigues,Gerente de Projetos,Jurídico,47396
6064,Raul Novais,Advogado,Vendas,61882
8433,Joaquim Camargo,Gerente de Projetos,Operações,46412
4003,João Pedro Vargas,Financeiro,Jurídico,28564
6700,Davi Luiz Albuquerque,Analista de Contratos,Jurídico,81112
8123,Samuel Dias,Gerente de Projetos,Vendas,40445
8930,Ravy Souza,Analista de Contratos,Financeiro,95482
8773,Caio Cavalcanti,Analista de Contratos,Jurídico,53485
4031,Maysa Mendonça,Financeiro,Operações,62295
4082,Apollo Mendes,Financeiro,Operações,64571
2595,Sabrina Câmara,Advogado,Vendas,25354
6683,Thales Marques,Gerente de Projetos,Financeiro,40662
3166,Asafe Duarte,Advogado,Operações,11354
5077,Emanuella Martins,Analista de Contratos,Financeiro,93934
5046,Dr. João Gabriel Viana,Gerente de Projetos,Jurídico,39584
3980,Srta. Olívia Caldeira,Analista de Contratos,Operações,83251
7554,Dr. Fernando Abreu,Financeiro,Vendas,21533
2723,Alexia Gomes,Financeiro,Operações,14690
4331,Pedro Miguel Caldeira,Gerente de Projetos,Financeiro,26866
5460,Sr. Luiz Felipe Peixoto,Financeiro,Financeiro,91516
9183,Joaquim Guerra,Financeiro,Jurídico,32150
2801,Melissa Mendonça,Advogado,Financeiro,28694
9394,Dr. Daniel da Costa,Advogado,Jurídico,28668
6659,Bernardo Sá,Advogado,Vendas,25009
9686,Benjamim Correia,Analista de Contratos,Jurídico,16947
7940,Caroline Melo,Analista de Contratos,Operações,63131
6348,Rafael Sá,Advogado,Vendas,21943
6469,Letícia Nascimento,Financeiro,Operações,26464
2403,Murilo Monteiro,Analista de Contratos,Jurídico,52110
5048,Liam Abreu,Gerente de Projetos,Vendas,74475
9745,Carlos Eduardo Pinto,Financeiro,Jurídico,74475
5189,Luiz Henrique Cavalcante,Advogado,Vendas,70090
7659,Laura Caldeira,Financeiro,Vendas,44812
9755,Mateus Nogueira,Gerente de Projetos,Operações,53918
8363,Dra. Lorena Sousa,Financeiro,Financeiro,60876
6577,Maria Clara Silveira,Financeiro,Operações,77463
8564,Lorena Marques,Advogado,Jurídico,29104
3472,Murilo Monteiro,Financeiro,Jurídico,13377
6277,Vinícius Fogaça,Financeiro,Jurídico,60891
8669,Davi Brito,Advogado,Jurídico,47155
3436,Rodrigo da Cruz,Analista de Contratos,Jurídico,40542
7968,Ester Barros,Analista de Contratos,Financeiro,90333
8021,Luiza Sampaio,Advogado,Operações,96639
5221,Davi Lucas Viana,Financeiro,Vendas,40324
3337,Davi Miguel da Cunha,Financeiro,Operações,39083
5679,Nicole Martins,Gerente de Projetos,Operações,74117
3556,Rafael Viana,Advogado,Vendas,23606
8040,Augusto Cirino,Gerente de Projetos,Financeiro,60100
2615,Caleb Leão,Advogado,Jurídico,57591
2960,Ravi Lucca Pinto,Analista de Contratos,Financeiro,75440
7459,Clarice Cavalcante,Financeiro,Vendas,45969
2628,Mathias Cavalcante,Analista de Contratos,Jurídico,20590
3245,Caio Novais,Financeiro,Jurídico,99667
4290,Thales Machado,Financeiro,Operações,43792
7537,Dr. Luiz Felipe Rios,Gerente de Projetos,Operações,46842
3150,Murilo Freitas,Analista de Contratos,Financeiro,28564
8918,Bruna Cunha,Financeiro,Jurídico,43493
3141,Theo Cavalcanti,Analista de Contratos,Jurídico,36577
7116,Otávio da Conceição,Analista de Contratos,Operações,85921
4432,Maria Clara Caldeira,Gerente de Projetos,Financeiro,29104
2323,Enzo da Cunha,Financeiro,Jurídico,19645
4798,Maria Vitória Cassiano,Advogado,Financeiro,46842
5702,Lucca Farias,Advogado,Financeiro,39083
3972,Maria Julia Barbosa,Advogado,Financeiro,82261
6845,Dra. Maria Cecília Cardoso,Advogado,Financeiro,54714
3231,Theodoro Pires,Gerente de Projetos,Vendas,66013
3039,Anna Liz Nogueira,Advogado,Financeiro,25126
4131,Manuela Ferreira,Analista de Contratos,Jurídico,88360
8729,Sra. Rafaela Alves,Gerente de Projetos,Jurídico,17100
2638,Maria Cecília Teixeira,Analista de Contratos,Operações,50423
5551,Daniela Peixoto,Advogado,Vendas,42785
5252,Srta. Heloisa Rodrigues,Analista de Contratos,Jurídico,45969
9354,Thiago Costela,Advogado,Vendas,55913
3135,Evelyn Sá,Financeiro,Operações,72213
8047,Sr. Thiago Sales,Analista de Contratos,Financeiro,86022
5629,Raul Moreira,Advogado,Financeiro,36282
4128,Sr. Rael Duarte,Analista de Contratos,Vendas,75968
2101,Juliana Barros,Financeiro,Operações,15892
8536,Camila Rocha,Gerente de Projetos,Vendas,60695
2934,Dr. Henry Cunha,Financeiro,Operações,82574
6604,Catarina Sales,Gerente de Projetos,Jurídico,29357
3010,Mathias Sales,Gerente de Projetos,Jurídico,37096
2848,Sra. Maria Clara Almeida,Gerente de Projetos,Jurídico,70856
2517,Kaique Ribeiro,Advogado,Operações,84258
6975,Dra. Melissa da Conceição,Financeiro,Operações,41989
6251,Henry Gabriel da Paz,Financeiro,Vendas,28356
6047,Olivia Cavalcante,Analista de Contratos,Vendas,78792
7331,Ryan Cassiano,Financeiro,Vendas,21040
5571,Srta. Cecilia Pacheco,Analista de Contratos,Financeiro,82031
8631,Ísis Sampaio,Analista de Contratos,Financeiro,42090
5924,João Felipe Câmara,Gerente de Projetos,Operações,83307
6684,Hadassa Azevedo,Advogado,Vendas,60393
5521,Enzo Rezende,Gerente de Projetos,Vendas,99496
5547,Sofia Pires,Gerente de Projetos,Operações,27276
6650,Vinicius Lopes,Analista de Contratos,Jurídico,15692
3011,Dra. Manuella Moreira,Gerente de Projetos,Financeiro,98145
8342,Sra. Valentina da Mata,Financeiro,Vendas,63608
5330,Isabella Siqueira,Financeiro,Vendas,86117
6566,Bruno Lima,Financeiro,Financeiro,66586
5776,Luísa Mendonça,Financeiro,Financeiro,54585
5934,Ravi Lucca Ribeiro,Advogado,Jurídico,67449
4372,Murilo Cunha,Analista de Contratos,Jurídico,24135
6776,Heloisa da Mata,Advogado,Vendas,44813
4822,Ana Luiza Oliveira,Financeiro,Vendas,80543
2301,Srta. Sophie Silveira,Advogado,Vendas,94197
2402,Laís da Conceição,Analista de Contratos,Jurídico,52385
8497,Alícia Ribeiro,Financeiro,Financeiro,82031
2625,Asafe Peixoto,Analista de Contratos,Jurídico,34546
8258,Vinícius Souza,Advogado,Operações,25631
5107,Srta. Lara Montenegro,Gerente de Projetos,Jurídico,48611
7497,Gustavo Henrique Lopes,Advogado,Financeiro,17463
3935,Bernardo Teixeira,Gerente de Projetos,Financeiro,62789
2119,Pedro Miguel Souza,Gerente de Projetos,Vendas,21908
4010,Sr. Emanuel Marques,Analista de Contratos,Financeiro,61688
5730,Srta. Bianca Vargas,Analista de Contratos,Operações,39394
9484,Sr. Nathan da Paz,Financeiro,Financeiro,15692
7570,Dr. Guilherme Nascimento,Gerente de Projetos,Jurídico,81442
4471,Oliver Pires,Financeiro,Operações,59134
6219,Gael Peixoto,Financeiro,Vendas,10056
9026,Letícia Carvalho,Advogado,Jurídico,25927
6145,Jade Costela,Analista de Contratos,Vendas,61358
5293,Rafaela Marques,Financeiro,Vendas,29789
2905,Isabelly Leão,Analista de Contratos,Financeiro,25286
5238,Maria Clara Sá,Gerente de Projetos,Vendas,83455
3463,Arthur Miguel Rios,Financeiro,Vendas,24274
3985,Sra. Luara Sá,Advogado,Financeiro,71849
8562,Dr. Erick Sousa,Advogado,Financeiro,65190
9434,Vitor Hugo Nascimento,Gerente de Projetos,Vendas,21943
2208,Henry Gabriel Lima,Gerente de Projetos,Vendas,21249
6235,Camila Pereira,Analista de Contratos,Jurídico,52994
8868,Sr. Otávio Costa,Gerente de Projetos,Financeiro,45352
8322,Dr. Nathan Garcia,Gerente de Projetos,Vendas,18732
2453,Nina da Cunha,Advogado,Jurídico,63262
8824,Ravi Lucca Araújo,Gerente de Projetos,Jurídico,27368
2292,Srta. Luiza Casa Grande,Financeiro,Jurídico,85519
4950,Davi Lucas Pacheco,Financeiro,Jurídico,86088
8759,Raul Moura,Advogado,Operações,66266
7410,Joana Pires,Advogado,Operações,47716
5758,Théo Rezende,Advogado,Financeiro,64100
9135,Yasmin Silva,Gerente de Projetos,Financeiro,83313
7460,Thiago Ramos,Gerente de Projetos,Financeiro,58867
8158,Dr. Caleb Carvalho,Analista de Contratos,Financeiro,61358
7748,Aylla Garcia,Financeiro,Jurídico,83354
3677,Rafaela Freitas,Gerente de Projetos,Financeiro,69522
7684,Ana Luiza Fernandes,Financeiro,Vendas,38683
3025,Dra. Ayla Cardoso,Analista de Contratos,Jurídico,59141
9014,Vinicius Barbosa,Advogado,Financeiro,68449
8543,Bryan Rodrigues,Gerente de Projetos,Operações,72319
2155,Ana Sophia Moraes,Analista de Contratos,Vendas,78008
2336,Valentim Fernandes,Analista de Contratos,Operações,49488
4524,Rafaela Sampaio,Gerente de Projetos,Operações,57619
2513,Maria Sophia Cassiano,Analista de Contratos,Vendas,65033
8277,Dra. Luana da Conceição,Analista de Contratos,Jurídico,72491
4877,Paulo Oliveira,Gerente de Projetos,Vendas,40862
9355,Henry Nascimento,Financeiro,Operações,13706
3624,Evelyn Sousa,Gerente de Projetos,Jurídico,71753
9016,Sr. Vitor Rezende,Advogado,Jurídico,66266
2261,Ana Vitória Leão,Analista de Contratos,Vendas,16997
6141,Dra. Isadora Costa,Gerente de Projetos,Jurídico,16185
3227,Nicole Novais,Gerente de Projetos,Jurídico,26173
3124,Anthony Gabriel Freitas,Advogado,Jurídico,29050
9097,Sra. Olívia Cavalcanti,Advogado,Operações,91651
4934,Sr. Pedro Henrique Cavalcanti,Gerente de Projetos,Financeiro,31546
9695,Olívia Nascimento,Financeiro,Financeiro,85519
5933,Sr. Lorenzo Correia,Analista de Contratos,Jurídico,52047
2854,Liz Cavalcante,Financeiro,Operações,12231
3023,Brayan Gomes,Analista de Contratos,Jurídico,29622
4745,Vitor Hugo Abreu,Analista de Contratos,Operações,58867
4332,Giovanna Teixeira,Analista de Contratos,Jurídico,82773
8180,Ísis Machado,Analista de Contratos,Operações,50319
4486,Srta. Agatha da Rocha,Advogado,Jurídico,71838
7146,Eloah Ramos,Advogado,Jurídico,38981
9957,Luara Oliveira,Financeiro,Vendas,50281
2158,Júlia Barbosa,Financeiro,Jurídico,67848
4640,Otto Viana,Financeiro,Vendas,29437
2235,Bárbara Guerra,Financeiro,Vendas,32952
6262,Ana Lívia Mendonça,Gerente de Projetos,Vendas,32079
5721,Cecilia Silveira,Advogado,Vendas,38810
5550,Dr. Davi Miguel Montenegro,Gerente de Projetos,Jurídico,54563
2469,Felipe Jesus,Advogado,Vendas,80649
7451,Yago da Costa,Advogado,Operações,87425
4584,Sr. Luiz Otávio Moreira,Gerente de Projetos,Jurídico,89112
2196,João Vitor Ferreira,Gerente de Projetos,Financeiro,39584
8444,Luiz Miguel Lima,Financeiro,Financeiro,19528
2340,Clarice da Costa,Analista de Contratos,Vendas,80305
3868,Luan Aragão,Gerente de Projetos,Operações,71787
6269,Srta. Emilly Souza,Gerente de Projetos,Operações,98565
2337,Olivia da Conceição,Analista de Contratos,Operações,52576
4341,Kevin Oliveira,Gerente de Projetos,Vendas,35540
2949,Alícia Sá,Gerente de Projetos,Vendas,31917
6950,Júlia Carvalho,Gerente de Projetos,Financeiro,54009
4078,Murilo Vieira,Gerente de Projetos,Jurídico,83085
4656,Sophie Correia,Analista de Contratos,Vendas,71932
8189,Nathan Cavalcante,Advogado,Operações,19077
3368,Nathan Pacheco,Advogado,Operações,96462
2455,José Pastor,Gerente de Projetos,Financeiro,15915
7393,Gustavo Porto,Gerente de Projetos,Vendas,28813
8343,Theodoro Câmara,Advogado,Jurídico,90264
4928,Liam Cavalcante,Gerente de Projetos,Operações,41068
3009,Alexia Casa Grande,Analista de Contratos,Jurídico,82574
4502,Yuri Monteiro,Analista de Contratos,Jurídico,61664
6475,Isabelly da Mata,Analista de Contratos,Financeiro,91604
6319,Sara Leão,Financeiro,Financeiro,43583
6072,Ágatha Santos,Analista de Contratos,Vendas,33443
7627,Bento Rezende,Advogado,Jurídico,45969
2082,Dra. Emanuella Brito,Advogado,Jurídico,13377
8593,Nicole Sá,Gerente de Projetos,Financeiro,80936
4824,Stephany Oliveira,Analista de Contratos,Operações,65883
3712,Ana Julia da Cunha,Financeiro,Financeiro,26702
8418,Eloah Carvalho,Analista de Contratos,Financeiro,65620
7402,Dr. Vitor Hugo Lima,Gerente de Projetos,Operações,66978
4028,Evelyn da Luz,Gerente de Projetos,Financeiro,63131
4684,Srta. Milena Nogueira,Analista de Contratos,Jurídico,72173
6530,Rafael Viana,Financeiro,Operações,55913
5398,Matteo da Cruz,Gerente de Projetos,Financeiro,45456
2850,Cauã Sá,Gerente de Projetos,Jurídico,62139
5270,Gabriel Costela,Analista de Contratos,Operações,55913
6414,José Pedro Cunha,Analista de Contratos,Operações,12549
4552,Maysa Azevedo,Advogado,Vendas,69055
7211,Srta. Nicole Casa Grande,Advogado,Financeiro,67848
8186,Isabela Moura,Gerente de Projetos,Vendas,91006
2096,Mariana Monteiro,Financeiro,Jurídico,20731
7501,Ísis da Mata,Analista de Contratos,Jurídico,12345
5041,Arthur Barbosa,Gerente de Projetos,Vendas,80486
3573,Joana Silva,Analista de Contratos,Vendas,37737
3098,Henry Rezende,Financeiro,Financeiro,48056
8568,Maria Clara Sousa,Financeiro,Financeiro,24135
9663,Yuri Cardoso,Financeiro,Operações,65171
8045,Emanuella Oliveira,Financeiro,Financeiro,72398
2525,Samuel Brito,Gerente de Projetos,Operações,85921
2942,Sr. Liam Farias,Advogado,Jurídico,84187
8470,Miguel Rezende,Financeiro,Financeiro,11354
5257,Ana Julia da Luz,Advogado,Financeiro,48547
4449,Dr. Diogo Pires,Advogado,Vendas,26155
3637,Mathias Pacheco,Analista de Contratos,Operações,99682
4505,Pedro Miguel Araújo,Financeiro,Vendas,88414
8319,Enrico Porto,Analista de Contratos,Operações,47175
2966,Dr. Diogo Monteiro,Advogado,Operações,54842
2783,Rael Cunha,Gerente de Projetos,Operações,76839
8295,Alana Fernandes,Advogado,Jurídico,63992
3419,João Gabriel da Mota,Financeiro,Jurídico,47175
8062,Lavínia Lima,Analista de Contratos,Vendas,88244
5955,Valentim Pinto,Advogado,Jurídico,93656
3819,Srta. Pietra Andrade,Gerente de Projetos,Jurídico,37575
8137,Lunna Ferreira,Gerente de Projetos,Vendas,18732
3261,Kaique Cavalcanti,Advogado,Jurídico,28277
6838,Alexandre Abreu,Gerente de Projetos,Financeiro,84187
3890,Benicio Azevedo,Analista de Contratos,Jurídico,22179
6084,Luiz Fernando Correia,Financeiro,Financeiro,92028
5713,Yago Nunes,Analista de Contratos,Operações,69383
8715,Ravi Lucca Silveira,Analista de Contratos,Operações,15778
3281,Gael Henrique da Costa,Advogado,Vendas,91753
4715,Bella Moraes,Advogado,Operações,67449
3021,Antony Castro,Gerente de Projetos,Operações,96639
4753,Maria Alice Abreu,Gerente de Projetos,Financeiro,63309
2298,Nina Machado,Gerente de Projetos,Operações,67256
8173,João Felipe Brito,Advogado,Vendas,36677
4578,Pedro Lucas Novaes,Advogado,Financeiro,93934
6998,Vitória Freitas,Financeiro,Jurídico,66313
2163,Bryan Dias,Analista de Contratos,Financeiro,93128
2533,Valentina Cavalcante,Gerente de Projetos,Vendas,93656
9874,Dr. Isaque Abreu,Analista de Contratos,Financeiro,56874
5392,Benjamin Lima,Analista de Contratos,Vendas,32521
2991,Maysa Pires,Advogado,Jurídico,96462
8896,Ana Liz Pinto,Gerente de Projetos,Financeiro,27991
2057,Vitor Hugo Borges,Gerente de Projetos,Financeiro,82115
3900,Sr. Otávio Silveira,Analista de Contratos,Jurídico,17788
9483,Gabrielly Araújo,Gerente de Projetos,Financeiro,12345
5128,Srta. Nicole Vasconcelos,Advogado,Jurídico,77814
8127,Dr. Luiz Felipe Casa Grande,Gerente de Projetos,Vendas,19424
8093,Antonella da Luz,Gerente de Projetos,Operações,74325
8891,Alícia Jesus,Analista de Contratos,Financeiro,28277
9915,Dr. Luiz Gustavo Cunha,Gerente de Projetos,Financeiro,62386
5485,Sophie Ferreira,Advogado,Financeiro,76728
4576,Esther Monteiro,Advogado,Financeiro,93128
3293,Luigi Porto,Analista de Contratos,Operações,52576
5016,Théo Duarte,Financeiro,Operações,79313
3175,Bruna Silveira,Analista de Contratos,Vendas,80374
9401,Lorenzo Câmara,Financeiro,Vendas,60100
2687,Dom Viana,Advogado,Financeiro,84777
2540,Emanuelly Silveira,Analista de Contratos,Operações,93744
8848,Davi Miguel Moraes,Gerente de Projetos,Financeiro,66313
7391,Marcelo Albuquerque,Gerente de Projetos,Jurídico,21843
9515,Ana Cecília Cavalcante,Analista de Contratos,Operações,17181
6946,Sra. Luna da Rosa,Analista de Contratos,Operações,52849
4808,Maria Laura Siqueira,Gerente de Projetos,Jurídico,68588
2538,Leonardo Leão,Financeiro,Operações,28694
2329,Benicio Viana,Gerente de Projetos,Operações,15363
3571,Stella Brito,Advogado,Financeiro,19645
4270,Oliver Sales,Analista de Contratos,Vendas,97009
4982,Gustavo Sousa,Analista de Contratos,Jurídico,84707
9048,Arthur Gabriel Ferreira,Financeiro,Jurídico,83313
5657,Davi Miguel Ribeiro,Analista de Contratos,Financeiro,83354
7037,Arthur Gabriel Sá,Advogado,Financeiro,13377
8854,Ana Lívia Rodrigues,Gerente de Projetos,Financeiro,24277
9893,Nathan Moreira,Advogado,Jurídico,71052
2964,Otto da Luz,Financeiro,Operações,27277
9103,Augusto Martins,Advogado,Operações,27239
2876,Arthur Gabriel da Cunha,Advogado,Vendas,52849
6331,Théo Freitas,Advogado,Operações,79258
5405,Maria Brito,Financeiro,Operações,90266
4266,Maria Flor Rios,Gerente de Projetos,Operações,88658
8690,Luiz Gustavo Sá,Gerente de Projetos,Operações,86588
4858,Natália Vargas,Gerente de Projetos,Financeiro,65620
9907,Dr. Paulo Guerra,Advogado,Jurídico,43055
8421,Srta. Mirella Novais,Analista de Contratos,Vendas,67848
6393,Sra. Laura da Conceição,Financeiro,Operações,87707
2745,Liam Jesus,Gerente de Projetos,Operações,28368
3051,Benício Castro,Advogado,Financeiro,27489
6328,Eduardo Aparecida,Financeiro,Vendas,48658
3849,Maria Júlia Aragão,Financeiro,Vendas,26608
2648,Giovanna Melo,Analista de Contratos,Financeiro,33140
7741,Esther Barros,Analista de Contratos,Financeiro,10192
7951,Bernardo Viana,Gerente de Projetos,Jurídico,59709
3973,Isabelly da Cunha,Analista de Contratos,Vendas,39760
7733,Nicolas Castro,Gerente de Projetos,Financeiro,40862
9239,Ravi Lucca Cassiano,Gerente de Projetos,Vendas,44559
5869,Sr. Breno Cirino,Financeiro,Jurídico,56308
8026,Luiz Felipe Pastor,Gerente de Projetos,Vendas,71861
4110,Ravi Lucca Cassiano,Financeiro,Vendas,15735
4725,Miguel Guerra,Financeiro,Vendas,67534
2560,Bella Ramos,Advogado,Financeiro,24277
4615,Dr. Luiz Henrique Barbosa,Advogado,Jurídico,29622
2539,Anna Liz Andrade,Gerente de Projetos,Operações,97009
4438,Leandro Teixeira,Financeiro,Financeiro,48658
2825,Caleb Novais,Gerente de Projetos,Jurídico,88360
4723,Julia Freitas,Financeiro,Operações,27991
5322,Cecília Viana,Gerente de Projetos,Vendas,88400
9079,Vicente Sales,Advogado,Financeiro,15892
4742,Alana Rios,Gerente de Projetos,Operações,80936
2721,Srta. Sarah Mendes,Analista de Contratos,Vendas,38482
5607,Lívia da Mota,Advogado,Jurídico,33135
7035,Gabriel Porto,Financeiro,Jurídico,36677
4186,Henry Gabriel da Paz,Advogado,Vendas,16702
4168,Mateus Casa Grande,Advogado,Jurídico,89908
8256,Isabela Gomes,Gerente de Projetos,Vendas,88685
5988,Erick Cavalcanti,Financeiro,Financeiro,67237
9661,Lunna Mendes,Gerente de Projetos,Vendas,26504
8913,Anthony Gabriel das Neves,Analista de Contratos,Financeiro,27368
2867,Caleb Rocha,Financeiro,Operações,19218
6609,Lara Macedo,Gerente de Projetos,Operações,63309
5973,Ana Lívia Aragão,Gerente de Projetos,Vendas,39249
6675,Maitê Mendonça,Advogado,Vendas,81543
5894,Sra. Ana Sophia Melo,Financeiro,Vendas,94418
2304,Luiz Otávio Melo,Gerente de Projetos,Jurídico,27406
7080,Dr. Enrico Siqueira,Advogado,Operações,25354
8340,Elisa Andrade,Gerente de Projetos,Vendas,75968
4579,João Caldeira,Gerente de Projetos,Vendas,13592
3627,Lorenzo Nogueira,Gerente de Projetos,Operações,67848
4747,Mateus Monteiro,Financeiro,Financeiro,60999
5138,Luiz Felipe Leão,Financeiro,Financeiro,54574
9966,Lucas Gabriel Ferreira,Advogado,Vendas,82309
6665,Marcos Vinicius Rezende,Gerente de Projetos,Operações,37434
8971,Theodoro da Conceição,Gerente de Projetos,Vendas,49519
7795,Marcos Vinicius Pimenta,Gerente de Projetos,Jurídico,88658
2665,Srta. Amanda Borges,Financeiro,Operações,92533
6215,Dr. Ravi Lucca da Mata,Financeiro,Financeiro,80649
8259,Pedro Miguel Ribeiro,Analista de Contratos,Operações,83459
7188,Enzo Casa Grande,Analista de Contratos,Financeiro,41380
4543,Heitor Pires,Analista de Contratos,Vendas,15327
3766,Rafael das Neves,Analista de Contratos,Operações,44813
9542,Fernanda Martins,Gerente de Projetos,Jurídico,39249
4089,Davi Lucas Pacheco,Financeiro,Financeiro,42756
9181,Davi Luiz Barros,Gerente de Projetos,Jurídico,38432
9409,João Gabriel Ribeiro,Gerente de Projetos,Vendas,23506
3962,Breno Cavalcante,Financeiro,Vendas,47623
4674,Benício Cassiano,Financeiro,Jurídico,29505
7856,Stephany Pastor,Gerente de Projetos,Jurídico,58059
6676,Henry Gabriel Sampaio,Advogado,Financeiro,15363
3259,Mateus Moreira,Analista de Contratos,Vendas,41400
8415,Eloah Sales,Gerente de Projetos,Vendas,75788
4946,Rael da Conceição,Gerente de Projetos,Vendas,24806
5968,Clara Peixoto,Gerente de Projetos,Vendas,69001
6326,Henry Machado,Advogado,Vendas,56155
2351,Josué Vieira,Financeiro,Operações,68449
7813,Dr. Vinícius da Rocha,Gerente de Projetos,Financeiro,17441
8886,Lorena da Costa,Financeiro,Jurídico,21516
5207,Dra. Sabrina Cardoso,Analista de Contratos,Financeiro,93362
3722,Sra. Giovanna Aparecida,Financeiro,Financeiro,61799
7205,Juan Costa,Advogado,Financeiro,33443
4564,Lucas Gabriel Ferreira,Gerente de Projetos,Vendas,95740
9563,Theodoro Vieira,Advogado,Operações,67534
6890,Carlos Eduardo da Luz,Gerente de Projetos,Financeiro,10923
8764,Sabrina Câmara,Gerente de Projetos,Financeiro,22981
7373,Erick Macedo,Financeiro,Vendas,64312
9951,Igor Borges,Analista de Contratos,Financeiro,79313
8384,Kaique Nunes,Financeiro,Financeiro,98664
3521,Josué Vargas,Advogado,Financeiro,18891
7960,Sra. Agatha Casa Grande,Financeiro,Jurídico,43116
8004,Daniel Montenegro,Financeiro,Jurídico,10450
9836,Sophie Pastor,Financeiro,Financeiro,39802
7349,Ravi Lucca Casa Grande,Advogado,Operações,52385
2309,José Miguel Jesus,Advogado,Vendas,92882
7637,Bernardo Nunes,Gerente de Projetos,Jurídico,10078
3661,Marcela Aragão,Analista de Contratos,Vendas,56294
3493,Alícia Vargas,Analista de Contratos,Financeiro,72452
3430,Srta. Allana Ramos,Gerente de Projetos,Jurídico,75807
4335,Bruna Borges,Advogado,Jurídico,92835
3323,Gabriel Dias,Gerente de Projetos,Vendas,38347
4751,João Guilherme Sales,Analista de Contratos,Vendas,31094
9594,Ana Laura Mendonça,Analista de Contratos,Vendas,27489
5792,Vitória Ribeiro,Gerente de Projetos,Operações,49673
2798,Rafaela Mendes,Analista de Contratos,Financeiro,93929
7872,Sra. Eloá Aragão,Analista de Contratos,Operações,14958
5582,Luana Cavalcanti,Financeiro,Jurídico,38482
2636,Rafael Aparecida,Financeiro,Jurídico,86117
8926,Sra. Lavínia Mendonça,Analista de Contratos,Financeiro,41400
3319,Giovanna Nunes,Gerente de Projetos,Financeiro,73384
8804,Dr. Heitor Ribeiro,Advogado,Jurídico,65171
3543,Sr. Ryan da Rocha,Analista de Contratos,Operações,78041
8388,Sra. Maria Sophia Viana,Gerente de Projetos,Vendas,50435
6575,Sr. Enzo Rezende,Advogado,Operações,86117
4199,Mariah Lopes,Analista de Contratos,Financeiro,98175
5444,Maria Liz Correia,Analista de Contratos,Jurídico,14690
6703,Srta. Letícia Aragão,Gerente de Projetos,Jurídico,75124
4235,Mathias da Costa,Gerente de Projetos,Vendas,15327
3828,Larissa Moreira,Advogado,Operações,33417
5768,Ryan Viana,Financeiro,Operações,87707
9000,Mariane da Cruz,Financeiro,Jurídico,38266
7880,Ian Pacheco,Analista de Contratos,Financeiro,28668
9172,Eduarda Campos,Gerente de Projetos,Vendas,54009
7551,Maria Isis Vasconcelos,Advogado,Jurídico,78191
9393,Manuella Sá,Gerente de Projetos,Operações,61254
8359,Nathan Casa Grande,Advogado,Jurídico,89290
6919,Rebeca Machado,Advogado,Jurídico,44964
6100,Yasmin Silveira,Gerente de Projetos,Financeiro,64128
6601,Breno Casa Grande,Gerente de Projetos,Operações,65190
7730,Noah Azevedo,Financeiro,Vendas,37810
9556,Noah Camargo,Financeiro,Jurídico,72643
5670,Sr. Vitor Caldeira,Advogado,Vendas,22673
6013,Antony Câmara,Analista de Contratos,Jurídico,60621
8820,Sarah Santos,Financeiro,Financeiro,82574
2290,Yuri Carvalho,Financeiro,Vendas,50860
7565,Catarina Casa Grande,Advogado,Operações,61521
5441,Marcela Pereira,Analista de Contratos,Operações,82309
7464,Laís da Cunha,Gerente de Projetos,Operações,69522
6578,Sra. Mariah Câmara,Analista de Contratos,Jurídico,69001
3435,Lucca Viana,Advogado,Jurídico,20326
6710,Dra. Isadora Pinto,Advogado,Financeiro,63314
3892,Arthur Gabriel Sampaio,Analista de Contratos,Operações,83455
6583,Ana Albuquerque,Financeiro,Jurídico,10828
6740,André Santos,Financeiro,Operações,39204
5693,Heloísa Azevedo,Analista de Contratos,Jurídico,26464
9197,João Guilherme Nunes,Financeiro,Vendas,89908
4392,Levi das Neves,Analista de Contratos,Jurídico,18732
7585,Alice Sá,Gerente de Projetos,Operações,67143
8637,Dr. Mateus Oliveira,Gerente de Projetos,Operações,33808
5588,Dra. Yasmin Freitas,Advogado,Jurídico,10114
6832,Hellena Almeida,Analista de Contratos,Financeiro,18216
3187,Nathan Casa Grande,Financeiro,Vendas,47295
5242,Ana Clara Araújo,Gerente de Projetos,Operações,41221
9220,Ana Julia Fogaça,Gerente de Projetos,Vendas,24005
9522,Raul Viana,Advogado,Jurídico,82261
5028,Maria Sophia Machado,Advogado,Financeiro,81591
3360,Oliver Leão,Analista de Contratos,Vendas,59842
4783,Rafaela Ribeiro,Gerente de Projetos,Financeiro,84189
6157,Ana Carolina Campos,Financeiro,Vendas,58677
4714,Nicole Marques,Advogado,Jurídico,37737
9812,Asafe Correia,Advogado,Operações,73940
9776,Maysa Castro,Gerente de Projetos,Financeiro,25126
5465,Luara Cardoso,Advogado,Jurídico,61450
5708,Eduarda da Paz,Advogado,Jurídico,96462
4600,Caroline Freitas,Analista de Contratos,Operações,52524
2772,Oliver Sales,Advogado,Operações,60610
7461,Dr. Josué Almeida,Analista de Contratos,Operações,44559
7344,Lorenzo Pastor,Gerente de Projetos,Vendas,93929
2835,Bella Ribeiro,Analista de Contratos,Operações,75440
8835,Milena Camargo,Analista de Contratos,Vendas,55966
8503,Pietra da Paz,Analista de Contratos,Financeiro,91797
3814,João Peixoto,Analista de Contratos,Jurídico,76152
3427,Gabriel Costela,Gerente de Projetos,Operações,74933
8495,Hadassa Costela,Financeiro,Operações,48966
5428,Ísis Nascimento,Financeiro,Vendas,87278
2548,Sara Vargas,Advogado,Operações,21249
3142,Gustavo Camargo,Analista de Contratos,Financeiro,56942
7363,Isabel Melo,Advogado,Financeiro,17602
2520,Ryan Costela,Financeiro,Vendas,97929
3426,Noah Costela,Analista de Contratos,Financeiro,21040
7520,Juliana da Cunha,Analista de Contratos,Jurídico,42730
8464,Ana Clara Pastor,Analista de Contratos,Jurídico,48658
9679,Sr. Benjamin Sousa,Financeiro,Vendas,81131
9294,Brayan Lopes,Financeiro,Operações,63309
9980,Luiz Otávio Câmara,Gerente de Projetos,Financeiro,28356
9557,Sr. Brayan Cavalcanti,Financeiro,Vendas,98972
3682,Juan Leão,Advogado,Operações,69055
4238,Manuela Vasconcelos,Analista de Contratos,Vendas,84189
8401,Alexandre Rocha,Gerente de Projetos,Jurídico,60621
3898,Davi Luiz Mendes,Gerente de Projetos,Financeiro,27672
5073,Sara Porto,Financeiro,Jurídico,89908
3490,Felipe da Paz,Analista de Contratos,Jurídico,97489
3883,Cauã Pastor,Advogado,Jurídico,62381
3815,Maria Luísa Silva,Gerente de Projetos,Financeiro,97009
4914,Camila Barbosa,Financeiro,Financeiro,71780
5532,Dra. Eloah Freitas,Analista de Contratos,Vendas,82574
2084,Zoe Farias,Advogado,Financeiro,35471
2996,Srta. Sarah Fonseca,Analista de Contratos,Vendas,38779
7701,Alexia Ribeiro,Advogado,Operações,49924
4049,Srta. Maria Liz Pimenta,Analista de Contratos,Operações,66005
7757,Nicolas Ribeiro,Gerente de Projetos,Vendas,18266
7913,Marcelo da Rocha,Financeiro,Financeiro,46412
8633,Laís Guerra,Financeiro,Jurídico,52576
5390,Dra. Luísa Leão,Financeiro,Jurídico,50443
8548,Dra. Aurora Cassiano,Analista de Contratos,Jurídico,26173
6179,Leonardo Farias,Advogado,Operações,69522
4832,Liz Brito,Analista de Contratos,Vendas,69522
5294,Diogo Siqueira,Analista de Contratos,Jurídico,76639
7705,Lara da Mata,Financeiro,Jurídico,42921
8469,Maria Luiza Peixoto,Gerente de Projetos,Financeiro,25927
7735,Igor Sá,Financeiro,Operações,89394
2604,Sra. Melina Freitas,Advogado,Jurídico,12651
5091,Dr. Matheus Marques,Gerente de Projetos,Financeiro,81131
2800,Stella da Costa,Advogado,Financeiro,13366
8588,Dra. Aurora Martins,Financeiro,Jurídico,26955
3915,Guilherme Marques,Gerente de Projetos,Operações,40662
4719,Luísa Albuquerque,Advogado,Vendas,62752
7024,Stella Câmara,Gerente de Projetos,Vendas,71780
2049,Luan da Mota,Advogado,Financeiro,41696
4750,Luana Marques,Advogado,Jurídico,86117
9338,Luigi Vargas,Gerente de Projetos,Financeiro,55150
5159,Luiz Otávio Teixeira,Analista de Contratos,Financeiro,75950
8060,Sophia Rezende,Financeiro,Operações,61521
9093,Julia Almeida,Gerente de Projetos,Vendas,84424
7930,Marcelo Rodrigues,Financeiro,Operações,71849
7156,Sra. Giovanna Pires,Gerente de Projetos,Financeiro,58933
2584,Benjamim Campos,Gerente de Projetos,Financeiro,69892
8565,Jade Duarte,Financeiro,Vendas,39249
6973,João Miguel Fonseca,Analista de Contratos,Financeiro,31015
2657,Ana Luiza Santos,Analista de Contratos,Jurídico,81761
4412,Emanuella Mendonça,Gerente de Projetos,Operações,18891
8569,Dr. Bruno Dias,Analista de Contratos,Financeiro,30898
2328,Isabella Sousa,Analista de Contratos,Jurídico,54563
5017,Luara da Costa,Gerente de Projetos,Jurídico,92835
6206,José Pedro Leão,Gerente de Projetos,Operações,24430
2817,Maria Araújo,Advogado,Jurídico,91690
3486,Diogo Caldeira,Financeiro,Vendas,31349
7262,Sr. Caio Cassiano,Advogado,Financeiro,99682
6789,Brayan Viana,Advogado,Jurídico,23028
2605,Carlos Eduardo Marques,Financeiro,Financeiro,86702
6325,Lorena Rezende,Financeiro,Operações,59134
5524,Ana Liz Brito,Gerente de Projetos,Financeiro,56942
3551,João Gabriel Viana,Analista de Contratos,Operações,77899
5622,Bernardo Costela,Advogado,Operações,24615
2047,Apollo Costa,Advogado,Vendas,26464
7195,Davi Lucca Sales,Analista de Contratos,Vendas,44929
2007,Benjamin da Cunha,Advogado,Operações,25343
6745,Melina Câmara,Gerente de Projetos,Jurídico,59842
2251,Marcela Abreu,Financeiro,Financeiro,83455
6634,Heloísa Rezende,Advogado,Vendas,71052
9749,Emilly Costa,Advogado,Jurídico,16997
2626,Anthony Gabriel Cavalcanti,Analista de Contratos,Financeiro,30693
9832,João Abreu,Financeiro,Jurídico,84967
4480,Melissa Cavalcante,Financeiro,Operações,34342
3276,Vitor Camargo,Gerente de Projetos,Vendas,55848
5081,Daniel da Rosa,Gerente de Projetos,Operações,89112
4660,Luna Jesus,Gerente de Projetos,Vendas,68588
6767,Sr. Calebe Marques,Analista de Contratos,Operações,25354
6667,Joana Rezende,Analista de Contratos,Operações,80509
4317,Joaquim Almeida,Financeiro,Jurídico,71225
5725,Lucca Albuquerque,Advogado,Operações,92888
8403,Ayla Pimenta,Analista de Contratos,Financeiro,75788
5430,Yan Albuquerque,Analista de Contratos,Financeiro,78660
5937,Isis Pinto,Gerente de Projetos,Financeiro,12549
2947,José Duarte,Gerente de Projetos,Operações,27277
6836,Allana Dias,Advogado,Financeiro,88400
9282,Gael Henrique da Luz,Analista de Contratos,Financeiro,57693
2751,Isis Gonçalves,Advogado,Operações,13377
8811,Ravi Araújo,Financeiro,Jurídico,48720
2735,Marcela Macedo,Financeiro,Financeiro,77463
9245,Lara Cardoso,Financeiro,Financeiro,76737
3359,Sra. Ana Júlia Fogaça,Financeiro,Jurídico,66450
8986,Miguel da Rocha,Financeiro,Financeiro,42921
4118,Esther da Costa,Financeiro,Jurídico,32251
4767,Isadora Brito,Gerente de Projetos,Jurídico,27672
2189,Srta. Nicole da Mata,Advogado,Financeiro,69892
6068,Eloá Casa Grande,Gerente de Projetos,Vendas,43055
3927,Catarina Casa Grande,Gerente de Projetos,Operações,61404
6737,Dr. Davi Luiz Nunes,Analista de Contratos,Operações,42026
9602,Sr. Pietro Aparecida,Analista de Contratos,Vendas,47623
9615,Ana Laura Mendonça,Financeiro,Jurídico,73576
6721,Sr. José Miguel Mendonça,Advogado,Financeiro,77814
8520,Sr. Gabriel Moreira,Gerente de Projetos,Vendas,21516
8914,Paulo Vargas,Advogado,Financeiro,64502
2236,Bento Cassiano,Gerente de Projetos,Operações,82115
8122,Isadora Gomes,Financeiro,Jurídico,49514
8618,Rodrigo Nogueira,Financeiro,Financeiro,67256
2551,Luiz Gustavo Montenegro,Gerente de Projetos,Vendas,70090
6771,Letícia Moraes,Gerente de Projetos,Operações,65620
9311,Ian Rezende,Gerente de Projetos,Jurídico,12569
2515,Bella Montenegro,Gerente de Projetos,Financeiro,54714
4580,Maria Cecília Ramos,Gerente de Projetos,Operações,42456
8603,Srta. Stephany Vargas,Analista de Contratos,Vendas,75124
2481,João Moreira,Advogado,Operações,37658
2215,Caroline Marques,Analista de Contratos,Vendas,73812
8224,Antônio Rocha,Analista de Contratos,Operações,65190
5538,Srta. Maria Fernanda Peixoto,Advogado,Financeiro,45824
4704,Dr. Pedro Silva,Gerente de Projetos,Operações,91910
6016,Hadassa Câmara,Analista de Contratos,Operações,82835
7366,Alexandre Montenegro,Analista de Contratos,Vendas,63992
2737,Laís Campos,Analista de Contratos,Operações,19494
8605,Sr. Kevin da Mata,Gerente de Projetos,Vendas,70776
3001,Enrico Silveira,Financeiro,Jurídico,92468
2623,Vinícius Oliveira,Advogado,Operações,59536
5533,Valentina Nogueira,Advogado,Operações,24135
8892,Anthony Silva,Gerente de Projetos,Operações,33183
6250,Ana Viana,Analista de Contratos,Operações,73382
8107,Lucas Gabriel Mendes,Advogado,Operações,25829
6527,José Pedro Barbosa,Financeiro,Operações,27406
2058,Ana Julia Casa Grande,Analista de Contratos,Jurídico,63309
7244,Luana Almeida,Advogado,Jurídico,90264
9218,Dr. Thiago Azevedo,Gerente de Projetos,Operações,17100
4875,Sabrina Borges,Financeiro,Operações,78191
5453,Daniela Souza,Advogado,Operações,89998
9643,Yago Porto,Analista de Contratos,Financeiro,24274
7552,Dom Cunha,Gerente de Projetos,Vendas,87344
4622,Sr. Mathias Moura,Financeiro,Operações,27655
9729,Sra. Heloisa Sousa,Advogado,Jurídico,83251
2147,Dr. Samuel Azevedo,Analista de Contratos,Jurídico,15327
8027,Srta. Zoe Almeida,Advogado,Financeiro,91652
2000,Srta. Ana Clara Novaes,Gerente de Projetos,Financeiro,89998
5808,Dra. Sarah Carvalho,Gerente de Projetos,Financeiro,61254
8254,Levi Ferreira,Advogado,Jurídico,85911
3597,Sr. Thiago Teixeira,Financeiro,Vendas,84707
8809,Heitor Casa Grande,Advogado,Jurídico,63262
5005,Dra. Mariane Barros,Gerente de Projetos,Jurídico,63380
2245,Maria Cecília Rezende,Gerente de Projetos,Vendas,50860
7687,Juliana Oliveira,Financeiro,Operações,30941
9848,Henry Fogaça,Financeiro,Operações,64285
2693,Dra. Maria Sophia Nogueira,Advogado,Vendas,82574
5801,Alice da Cruz,Financeiro,Vendas,43644
2948,Dra. Zoe Rocha,Financeiro,Jurídico,24541
4072,Sra. Maria Eduarda Rocha,Advogado,Financeiro,94197
5942,Lunna Pinto,Gerente de Projetos,Financeiro,99667
4417,Gabrielly Fonseca,Advogado,Operações,55913
9972,Luiz Henrique Cardoso,Gerente de Projetos,Operações,80374
2043,Otávio Viana,Analista de Contratos,Financeiro,85431
5208,Antonella Cassiano,Advogado,Vendas,59184
8281,Sofia Moreira,Analista de Contratos,Vendas,42856
5500,Lorena Oliveira,Financeiro,Vendas,19077
8417,Ana Laura Santos,Advogado,Vendas,37895
4550,Stephany da Luz,Advogado,Jurídico,46651
5718,Benicio Cassiano,Gerente de Projetos,Financeiro,47498
4816,Dom Santos,Advogado,Jurídico,55140
4814,Alana Novaes,Advogado,Financeiro,69579
8504,Otávio Monteiro,Gerente de Projetos,Financeiro,77966
2826,Luan da Cruz,Analista de Contratos,Operações,27655
8156,Benjamin Costa,Analista de Contratos,Jurídico,40018
2950,Asafe Fernandes,Financeiro,Vendas,67000
7121,Lunna Melo,Financeiro,Vendas,42799
2320,Dr. Renan Viana,Gerente de Projetos,Operações,31015
7788,Sr. Lucca Gonçalves,Advogado,Operações,63608
7607,Rodrigo Martins,Analista de Contratos,Financeiro,18216
7228,Srta. Stephany Novais,Gerente de Projetos,Jurídico,71516
4223,Eduarda Gomes,Gerente de Projetos,Jurídico,52642
8963,Agatha Rodrigues,Financeiro,Operações,30456
7855,João Gabriel Nunes,Financeiro,Jurídico,91638
8685,Davi Lucca Albuquerque,Analista de Contratos,Jurídico,33443
5506,Heloísa Moura,Financeiro,Jurídico,20590
5133,Noah Araújo,Financeiro,Vendas,91108
5262,Igor Santos,Analista de Contratos,Jurídico,91690
7647,Dra. Caroline Jesus,Gerente de Projetos,Financeiro,23364
2359,Liam Abreu,Financeiro,Operações,90710
7765,Dr. Raul Novais,Analista de Contratos,Vendas,48056
6848,Maria Vitória Nascimento,Advogado,Vendas,75788
9782,Sr. Matheus Azevedo,Gerente de Projetos,Vendas,90011
6139,Sra. Maria Júlia da Paz,Analista de Contratos,Vendas,82104
6536,Maria Júlia Fogaça,Financeiro,Financeiro,36577
9766,Milena Nascimento,Gerente de Projetos,Operações,23745
6746,Heloisa da Conceição,Advogado,Jurídico,29101
4188,Maria Liz Azevedo,Gerente de Projetos,Financeiro,73127
3110,Rafaela da Luz,Advogado,Operações,22981
3050,Marcela Santos,Advogado,Financeiro,64100
6813,Sr. Diogo Duarte,Analista de Contratos,Vendas,62789
7172,Mariana Camargo,Analista de Contratos,Financeiro,74713
2946,Sr. Isaque da Cruz,Financeiro,Vendas,83251
2249,Danilo Rios,Advogado,Financeiro,56294
4136,Calebe Vieira,Gerente de Projetos,Vendas,85911
5970,Benício Pimenta,Analista de Contratos,Jurídico,81131
7104,Sr. Diogo Caldeira,Advogado,Vendas,77899
2917,Stephany Moura,Advogado,Jurídico,27368
6244,Alana Nogueira,Analista de Contratos,Financeiro,42785
2494,Gael Henrique Melo,Financeiro,Jurídico,47623
7842,Maria Cecília Cavalcanti,Financeiro,Financeiro,66450
2422,Srta. Pietra Nogueira,Analista de Contratos,Jurídico,97416
9074,Srta. Maria Clara Rios,Financeiro,Operações,20326
9992,Ester Guerra,Analista de Contratos,Operações,21671
4794,Luna Fonseca,Analista de Contratos,Financeiro,70072
6999,Julia Andrade,Gerente de Projetos,Jurídico,37575
6603,Breno Vargas,Advogado,Vendas,28674
3784,Maria Brito,Analista de Contratos,Operações,52167
7843,Luara Ramos,Analista de Contratos,Financeiro,23671
2419,Sr. Pietro Ramos,Financeiro,Vendas,24005
6312,Leandro Freitas,Gerente de Projetos,Operações,30839
7668,Srta. Lívia Câmara,Advogado,Jurídico,42785
7945,João Lopes,Gerente de Projetos,Vendas,12193
5684,João Guilherme Ferreira,Financeiro,Financeiro,17157
4865,Srta. Ana Clara Garcia,Financeiro,Operações,63062
4937,Juan Sousa,Advogado,Financeiro,19494
9379,Lucas Gabriel Freitas,Gerente de Projetos,Financeiro,60999
9488,Ana Gonçalves,Advogado,Operações,54026
7382,Bruna Vargas,Advogado,Vendas,87344
9654,João Vitor Nascimento,Advogado,Operações,47693
9854,Lucas Aragão,Financeiro,Vendas,28344
3070,Beatriz Rodrigues,Advogado,Jurídico,91753
7338,Vitor Gabriel Leão,Advogado,Operações,23921
9022,Nina Moura,Advogado,Jurídico,19039
2566,Marcela Duarte,Financeiro,Operações,82104
2332,Hadassa Costela,Gerente de Projetos,Operações,75267
2244,Lorena Macedo,Gerente de Projetos,Vendas,88658
6977,Dr. Mathias Abreu,Gerente de Projetos,Vendas,27290
9530,Sra. Cecília Rios,Advogado,Financeiro,61404
4770,Sra. Agatha Casa Grande,Financeiro,Operações,29050
3057,Luara Sampaio,Gerente de Projetos,Jurídico,61928
2529,Marina Leão,Financeiro,Vendas,84967
3168,Maria Isis Freitas,Analista de Contratos,Vendas,29101
2330,Augusto Silveira,Analista de Contratos,Operações,81181
6715,Evelyn Fogaça,Gerente de Projetos,Jurídico,37836
8148,Yasmin Lopes,Financeiro,Financeiro,15915
3183,Sr. Josué Montenegro,Analista de Contratos,Operações,85328
7553,Sophia Farias,Analista de Contratos,Operações,54847
4867,Matheus Melo,Analista de Contratos,Jurídico,54847
9628,Pedro Henrique Brito,Advogado,Operações,36512
8036,Gabriela Andrade,Financeiro,Jurídico,43449
8327,Sr. João Lucas Barros,Gerente de Projetos,Jurídico,82032
5685,Anna Liz Lima,Gerente de Projetos,Financeiro,91092
8005,Allana Sá,Gerente de Projetos,Operações,39719
8598,Carlos Eduardo Lima,Financeiro,Jurídico,96811
4895,Yasmin Moraes,Analista de Contratos,Vendas,46842
3205,Ana Julia Novais,Analista de Contratos,Operações,60100
7619,Luiz Miguel Cardoso,Advogado,Vendas,49527
2543,Sr. Raul Campos,Analista de Contratos,Operações,96639
4040,Srta. Carolina Duarte,Analista de Contratos,Financeiro,52039
3850,Ravy Casa Grande,Advogado,Jurídico,74475
3363,Pietro Nunes,Gerente de Projetos,Vendas,71052
2095,Luiz Otávio Rodrigues,Gerente de Projetos,Vendas,92487
2902,Luísa Abreu,Advogado,Vendas,76639
6547,Daniel da Luz,Financeiro,Vendas,21448
2314,Sr. Samuel Azevedo,Advogado,Operações,18345
9580,Luiza Ribeiro,Advogado,Jurídico,33140
3377,Ayla Lopes,Gerente de Projetos,Jurídico,89394
5078,Sra. Fernanda Moraes,Advogado,Vendas,92487
3173,Giovanna da Rosa,Analista de Contratos,Jurídico,22168
7832,Carlos Eduardo Garcia,Gerente de Projetos,Jurídico,55650
3350,Enzo Farias,Analista de Contratos,Financeiro,20326
7054,Isis da Costa,Analista de Contratos,Vendas,29242
9683,Maria Alice Farias,Financeiro,Financeiro,51728
4179,Bruno Cavalcanti,Analista de Contratos,Jurídico,19908
5431,Yuri das Neves,Advogado,Financeiro,65647
8482,Aurora Aparecida,Analista de Contratos,Vendas,15778
3908,Caio Garcia,Advogado,Vendas,33183
3326,Theo Costa,Analista de Contratos,Jurídico,38204
4364,Cecília Farias,Financeiro,Jurídico,27442
3958,Pedro Henrique Andrade,Financeiro,Operações,68019
9313,Danilo Rocha,Advogado,Jurídico,61248
4245,Luigi Marques,Financeiro,Vendas,48056
6493,Srta. Ester Porto,Analista de Contratos,Vendas,29322
7299,Guilherme Lima,Advogado,Vendas,39802
2427,Vinicius Porto,Advogado,Jurídico,86676
9222,Daniel Rocha,Analista de Contratos,Vendas,31519
3036,Sr. Pedro Henrique Vasconcelos,Advogado,Jurídico,70062
8776,Camila Sá,Financeiro,Operações,55576
9443,Agatha Cavalcanti,Analista de Contratos,Operações,39398
8735,Hadassa Rezende,Advogado,Jurídico,80509
7670,Hadassa Rios,Financeiro,Vendas,44075
9376,Alexandre Rezende,Gerente de Projetos,Jurídico,78460
4758,Sr. Benício Santos,Gerente de Projetos,Jurídico,23042
2815,Sara Andrade,Analista de Contratos,Vendas,82104
3557,Gustavo Pinto,Financeiro,Jurídico,15884
7673,Mateus Costela,Analista de Contratos,Financeiro,29505
4686,Sara Ribeiro,Advogado,Operações,25126
3902,Isabelly Jesus,Gerente de Projetos,Jurídico,12913
7242,Nicole Teixeira,Analista de Contratos,Operações,75267
5518,Dr. Theo Vasconcelos,Advogado,Vendas,44667
2442,Diogo Sales,Gerente de Projetos,Jurídico,20841
9288,Larissa da Mota,Gerente de Projetos,Jurídico,27290
9732,Luna Silveira,Advogado,Vendas,21533
4079,João Gabriel Nunes,Financeiro,Financeiro,85328
4251,Paulo Dias,Gerente de Projetos,Financeiro,44075
3310,Cecilia Nogueira,Financeiro,Jurídico,12696
8905,Dra. Maria Fernanda Gonçalves,Analista de Contratos,Financeiro,24198
5051,Dra. Rafaela Caldeira,Financeiro,Jurídico,14958
5986,Lucca Sales,Analista de Contratos,Jurídico,52994
6514,Dra. Maria Luiza Garcia,Advogado,Operações,73313
7592,Cecilia Barbosa,Financeiro,Vendas,99244
2210,Letícia Silveira,Analista de Contratos,Financeiro,73382
4940,Emilly Cirino,Financeiro,Operações,77919
9290,Dra. Raquel Moura,Gerente de Projetos,Operações,11814
2080,Sophie Leão,Financeiro,Vendas,73669
4272,Danilo Freitas,Financeiro,Jurídico,42889
9144,Ágatha Moura,Analista de Contratos,Financeiro,29724
4540,Sr. Dom Brito,Gerente de Projetos,Vendas,93656
8456,Cauã Barros,Gerente de Projetos,Financeiro,83085
8695,Benicio Rodrigues,Analista de Contratos,Jurídico,61664
8985,Brayan Mendonça,Financeiro,Jurídico,47396
8108,Carolina Nogueira,Gerente de Projetos,Vendas,70776
6490,Gabrielly Gonçalves,Gerente de Projetos,Vendas,44075
4944,Natália Marques,Gerente de Projetos,Jurídico,21671
9514,Pedro Lucas Campos,Analista de Contratos,Operações,63314
5579,Alícia da Cunha,Analista de Contratos,Vendas,25631
6783,Kaique Câmara,Advogado,Financeiro,76894
7892,Lara Cirino,Analista de Contratos,Operações,25356
4296,Cecília Cunha,Analista de Contratos,Vendas,83354
4019,Miguel Casa Grande,Advogado,Vendas,53485
2090,Antony Silveira,Financeiro,Financeiro,73766
2939,Ryan Câmara,Analista de Contratos,Financeiro,27672
8306,Anthony Gabriel da Conceição,Gerente de Projetos,Jurídico,59875
5495,Henry Gabriel da Rosa,Gerente de Projetos,Financeiro,65883
5145,Vitor Costa,Gerente de Projetos,Jurídico,50176
7267,Anthony Azevedo,Gerente de Projetos,Financeiro,19617
7279,Leandro Vasconcelos,Gerente de Projetos,Financeiro,12345
3448,Miguel Câmara,Financeiro,Vendas,33938
4806,Ana Julia Sales,Advogado,Vendas,13377
9713,Diego Sales,Gerente de Projetos,Vendas,49465
2790,Heitor Machado,Gerente de Projetos,Vendas,67275
2997,Pietra da Cruz,Gerente de Projetos,Jurídico,55542
9626,Benício Caldeira,Gerente de Projetos,Jurídico,26866
5729,Camila Moreira,Financeiro,Financeiro,81112
9906,Isabelly Rodrigues,Gerente de Projetos,Operações,51728
8540,Dr. Ian Leão,Analista de Contratos,Jurídico,80936
5854,Augusto Pires,Analista de Contratos,Operações,93819
4833,Mariana Sales,Analista de Contratos,Jurídico,70140
7881,Lucas Moura,Financeiro,Financeiro,43656
5319,Maria Martins,Advogado,Financeiro,42756
8210,Júlia Cunha,Financeiro,Vendas,58154
8425,Léo Monteiro,Advogado,Vendas,21350
2167,Evelyn Porto,Analista de Contratos,Operações,82737
9747,Alice Ramos,Financeiro,Vendas,89908
3761,Sr. Léo Carvalho,Gerente de Projetos,Vendas,84707
4141,Isadora Viana,Advogado,Financeiro,12549
5540,Letícia da Mota,Financeiro,Financeiro,56308
2545,Dra. Camila Carvalho,Financeiro,Vendas,59184
5298,Stephany Araújo,Advogado,Financeiro,99667
3614,Yago Siqueira,Gerente de Projetos,Jurídico,25811
9849,Emilly Cunha,Advogado,Financeiro,84258
7096,Lorenzo Gonçalves,Gerente de Projetos,Jurídico,67534
2122,Sr. Theodoro Vasconcelos,Analista de Contratos,Operações,79754
9018,Yan Viana,Financeiro,Operações,26955
5667,Thomas Farias,Advogado,Financeiro,12216
9769,Ravi Lucca Pires,Advogado,Financeiro,27975
5817,Srta. Maria Clara Lima,Advogado,Operações,86676
5459,Cecília da Paz,Analista de Contratos,Operações,96811
9457,Marina Costela,Financeiro,Vendas,41801
5887,Fernando Pereira,Analista de Contratos,Operações,82286
6195,Ravy Nunes,Advogado,Operações,27003
3078,Pietra Gonçalves,Gerente de Projetos,Operações,91638
3224,Guilherme da Luz,Advogado,Financeiro,81442
5349,Dr. Benício Novais,Gerente de Projetos,Operações,11354
6207,Eduarda Brito,Advogado,Operações,78126
8648,Otto Nascimento,Gerente de Projetos,Vendas,81591
6264,Ana Júlia Cassiano,Analista de Contratos,Vendas,44063
4603,Marcelo Pacheco,Financeiro,Jurídico,21040
8555,Rafaela da Conceição,Advogado,Jurídico,65428
7857,Benicio Cavalcante,Gerente de Projetos,Jurídico,21752
8393,Benjamin da Luz,Financeiro,Financeiro,89127
4838,Isis Correia,Analista de Contratos,Jurídico,49488
9632,Dr. Enzo Pastor,Gerente de Projetos,Jurídico,99244
3703,Antônio Fogaça,Analista de Contratos,Vendas,93819
3993,Dr. Joaquim Farias,Financeiro,Jurídico,53075
5578,Manuella Sousa,Analista de Contratos,Vendas,99353
2799,Antonella das Neves,Analista de Contratos,Jurídico,39760
5689,Nicole Melo,Advogado,Operações,58933
9002,Apollo Caldeira,Advogado,Financeiro,36403
6841,Sofia da Paz,Financeiro,Vendas,75358
7252,Luiz Otávio da Mata,Advogado,Jurídico,25286
8419,Valentim Almeida,Advogado,Vendas,68166
9608,Lunna Fonseca,Analista de Contratos,Jurídico,49924
5396,Apollo Siqueira,Analista de Contratos,Financeiro,46773
3711,Srta. Júlia Cavalcanti,Advogado,Jurídico,77274
2711,Rhavi Macedo,Advogado,Jurídico,84187
2514,Davi Lucas Cassiano,Analista de Contratos,Vendas,96811
9905,Anna Liz Cardoso,Financeiro,Jurídico,37575
7772,Sra. Melissa Fernandes,Gerente de Projetos,Operações,21079
9974,Isaque Siqueira,Financeiro,Vendas,80751
9571,Alexandre Ribeiro,Financeiro,Jurídico,66031
3379,Sr. Mateus Sá,Analista de Contratos,Vendas,34965
7622,Enrico Albuquerque,Advogado,Vendas,75730
4787,Dr. Eduardo Pires,Advogado,Operações,80751
7550,Srta. Vitória Castro,Gerente de Projetos,Operações,23994
9415,Dr. Gustavo Henrique Novais,Advogado,Jurídico,16185
3693,Marcos Vinicius Araújo,Analista de Contratos,Operações,92364
5256,Gustavo Ferreira,Analista de Contratos,Financeiro,29505
7241,Danilo Cirino,Advogado,Financeiro,27290
2181,Ana Liz Ferreira,Gerente de Projetos,Jurídico,29622
2277,Evelyn Camargo,Advogado,Operações,60876
9149,Maria Flor Pacheco,Gerente de Projetos,Vendas,27442
2451,Nicole Jesus,Advogado,Operações,50091
6051,Luna Duarte,Financeiro,Financeiro,35471
6041,Samuel Santos,Financeiro,Jurídico,14453
2669,Isabel Cassiano,Advogado,Jurídico,31230
6337,Evelyn Campos,Advogado,Vendas,54465
6302,Alexandre Novaes,Financeiro,Jurídico,84189
2393,Lorena Martins,Gerente de Projetos,Vendas,25811
9329,Pedro Lucas Garcia,Financeiro,Operações,26344
5279,Liz Vieira,Analista de Contratos,Vendas,41221
9821,Diego Novais,Financeiro,Financeiro,31317
6140,Eduardo Ramos,Financeiro,Vendas,14958
4843,Arthur Gabriel da Conceição,Financeiro,Vendas,88685
8895,Thomas Vieira,Financeiro,Vendas,90266
7644,Srta. Bruna Garcia,Analista de Contratos,Operações,76728
7218,Dr. Pedro Miguel Nascimento,Gerente de Projetos,Financeiro,33443
4763,Davi Lucas Rodrigues,Gerente de Projetos,Jurídico,43644
6628,Maria Júlia Costa,Advogado,Operações,59709
6018,Caroline Cavalcante,Gerente de Projetos,Operações,78126
6899,Miguel Silva,Gerente de Projetos,Vendas,51728
8426,Cauã Gonçalves,Financeiro,Operações,26344
7943,Otto Costela,Financeiro,Operações,92882
2409,Larissa Macedo,Financeiro,Vendas,56874
9932,Stella Viana,Gerente de Projetos,Operações,52959
5160,Isis Caldeira,Advogado,Operações,37895
3613,Zoe Sampaio,Gerente de Projetos,Jurídico,75267
3513,Hadassa Câmara,Advogado,Jurídico,23921
5669,Melina Oliveira,Financeiro,Operações,73634
5424,Maria Luísa Costela,Gerente de Projetos,Financeiro,60999
9110,Sra. Maria Clara Cirino,Analista de Contratos,Jurídico,63213
4731,Anthony das Neves,Financeiro,Vendas,91092
4752,Srta. Bella Porto,Financeiro,Jurídico,32752
2764,Srta. Bella Pereira,Gerente de Projetos,Financeiro,28356
6790,Otto Silva,Advogado,Financeiro,42856
3779,Nicole Novaes,Financeiro,Vendas,21040
9235,Luiz Felipe Sales,Analista de Contratos,Jurídico,36076
5812,Dr. Paulo da Mota,Analista de Contratos,Jurídico,57086
7232,Levi Oliveira,Gerente de Projetos,Vendas,84827
5882,Benjamin Farias,Advogado,Financeiro,84283
5769,Davi Lucca Peixoto,Advogado,Jurídico,86088
7549,Liz Ribeiro,Financeiro,Jurídico,82286
9473,Giovanna Casa Grande,Analista de Contratos,Vendas,75118
3035,Catarina Sá,Advogado,Vendas,54009
2993,Sr. João Felipe Pires,Gerente de Projetos,Jurídico,86702
7850,Eduarda Sampaio,Financeiro,Financeiro,55324
9316,Sr. Lucas Melo,Financeiro,Financeiro,65754
2898,Gabrielly da Paz,Analista de Contratos,Operações,35618
6762,Cauê Machado,Gerente de Projetos,Financeiro,96809
9699,Liz Montenegro,Financeiro,Vendas,10828
3246,Mariana Lima,Gerente de Projetos,Jurídico,63932
3356,Sra. Ísis Borges,Gerente de Projetos,Vendas,61799
9506,Clara Leão,Advogado,Operações,72213
7927,Alexia da Paz,Advogado,Vendas,42343
3970,Allana Cirino,Financeiro,Operações,71726
4111,Luísa Garcia,Gerente de Projetos,Operações,72319
2527,Leandro Vargas,Advogado,Jurídico,56300
7157,Sr. Nathan Moura,Financeiro,Operações,91652
3681,Dr. Henry Rios,Gerente de Projetos,Vendas,38683
8781,Sr. Enzo Marques,Analista de Contratos,Jurídico,12855
4169,Srta. Olívia Sousa,Advogado,Jurídico,27655
6769,Maria Liz Porto,Gerente de Projetos,Financeiro,53548
2294,Dra. Valentina Nunes,Advogado,Vendas,70090
7473,Dr. Mateus da Rosa,Advogado,Financeiro,74117
5185,Maria Isis Brito,Financeiro,Operações,38266
2668,Vinicius Rocha,Financeiro,Financeiro,73092
8857,Sra. Isabela Sales,Analista de Contratos,Jurídico,52110
9193,Ana Lívia Melo,Advogado,Jurídico,85355
6562,Murilo Gonçalves,Financeiro,Financeiro,52047
3172,Sr. Davi Lucas Gonçalves,Gerente de Projetos,Vendas,21843
6755,Emilly Abreu,Advogado,Operações,52146
6880,Liz Aragão,Gerente de Projetos,Vendas,29789
2885,Vicente da Conceição,Gerente de Projetos,Vendas,39489
9039,Sabrina Gonçalves,Advogado,Financeiro,50954
5021,Manuella das Neves,Analista de Contratos,Vendas,12549
5068,Hadassa Sá,Financeiro,Vendas,65647
8337,Sr. Valentim Novais,Financeiro,Financeiro,56874
7786,Luna Novaes,Gerente de Projetos,Vendas,75551
2759,Théo Pimenta,Gerente de Projetos,Operações,87344
7103,Lorenzo Viana,Advogado,Jurídico,50281
9525,João Miguel Araújo,Analista de Contratos,Jurídico,89908
8594,Dr. Marcos Vinicius da Paz,Financeiro,Vendas,36076
9719,Ana Clara Barbosa,Analista de Contratos,Vendas,42570
2017,Zoe Monteiro,Financeiro,Operações,31917
8957,Maya Sousa,Analista de Contratos,Operações,50443
2620,Ana Clara Porto,Financeiro,Operações,92218
5731,Breno Alves,Advogado,Operações,77363
3455,Dr. Pedro Lucas Lima,Gerente de Projetos,Financeiro,54395
7483,Oliver da Luz,Advogado,Operações,79685
5282,Mariana Novaes,Financeiro,Operações,97416
7423,Srta. Ísis Nascimento,Advogado,Financeiro,61984
8257,Sr. Caio Duarte,Analista de Contratos,Financeiro,43449
8739,Isabela Novaes,Gerente de Projetos,Operações,67848
4649,Miguel Dias,Advogado,Vendas,81710
6322,Dra. Isabel da Cunha,Advogado,Vendas,90710
9303,Dr. João Gabriel Moreira,Gerente de Projetos,Operações,67181
9856,Luana Cassiano,Financeiro,Operações,24137
3346,Sra. Valentina Carvalho,Financeiro,Financeiro,46555
9099,Amanda Araújo,Financeiro,Financeiro,36282
8974,Emanuel Sousa,Analista de Contratos,Operações,23042
3948,Luiz Fernando Freitas,Advogado,Operações,76639
3715,Alexandre das Neves,Financeiro,Financeiro,44818
6334,Antonella Albuquerque,Financeiro,Jurídico,99496
7313,Bella Costa,Financeiro,Jurídico,60876
2140,Gabriela Casa Grande,Analista de Contratos,Financeiro,44063
3391,Leonardo da Mota,Financeiro,Financeiro,59134
8975,Nina Porto,Gerente de Projetos,Jurídico,28368
4716,Giovanna Dias,Advogado,Jurídico,98145
5433,Théo Gonçalves,Financeiro,Financeiro,15327
6121,Rael Barbosa,Financeiro,Vendas,49399
6534,Mariah da Mata,Financeiro,Operações,47465
3652,João Miguel Rios,Advogado,Operações,81181
6861,Juliana Melo,Advogado,Financeiro,52047
2315,Sr. Murilo Carvalho,Analista de Contratos,Vendas,20601
3845,Júlia Pacheco,Advogado,Financeiro,84753
7101,Caleb Guerra,Financeiro,Jurídico,20731
8172,Catarina Siqueira,Financeiro,Vendas,12748
5932,Vitor Hugo Albuquerque,Financeiro,Operações,12231
3034,Joaquim Rocha,Gerente de Projetos,Operações,56121
8028,Julia Santos,Advogado,Jurídico,16559
7094,Lunna da Mata,Analista de Contratos,Vendas,99682
2645,Kamilly Pimenta,Advogado,Operações,87816
3602,Lucas Gabriel Nascimento,Analista de Contratos,Financeiro,77865
3053,Sr. Arthur Miguel Moreira,Advogado,Vendas,98643
2452,Julia Sampaio,Analista de Contratos,Financeiro,19494
8286,Natália Moraes,Gerente de Projetos,Operações,20601
8104,Marcela Farias,Advogado,Jurídico,79919
7053,Sr. Rodrigo Andrade,Gerente de Projetos,Financeiro,55542
2279,Calebe Costela,Financeiro,Operações,37181
2816,Srta. Eloah Pimenta,Advogado,Financeiro,47155
4155,Pietra Vieira,Gerente de Projetos,Jurídico,80501
7032,Lavínia Borges,Analista de Contratos,Financeiro,85328
5253,Brenda Rezende,Gerente de Projetos,Operações,56874
7183,João Guilherme da Conceição,Advogado,Operações,46651
9083,Maria Laura Freitas,Advogado,Operações,81543
7758,Ana Carolina Andrade,Gerente de Projetos,Operações,70072
2366,Juliana Santos,Analista de Contratos,Operações,40662
8743,Esther Aragão,Financeiro,Financeiro,68588
8641,Mateus Nogueira,Gerente de Projetos,Jurídico,83307
4202,Bento Castro,Gerente de Projetos,Vendas,18652
8545,Catarina das Neves,Financeiro,Vendas,55913
8542,Vinícius Lopes,Gerente de Projetos,Jurídico,80305
8746,Marcelo Rodrigues,Financeiro,Operações,92364
7014,Sophia Macedo,Analista de Contratos,Vendas,73766
5595,Matteo Rocha,Analista de Contratos,Jurídico,58001
8863,Bernardo da Mota,Advogado,Jurídico,88987
5952,Dra. Luísa da Paz,Analista de Contratos,Jurídico,14491
7165,Mateus Santos,Gerente de Projetos,Vendas,54714
4225,Joana Pereira,Gerente de Projetos,Jurídico,27991
9295,Raquel Caldeira,Financeiro,Jurídico,92028
9814,Yago Azevedo,Advogado,Jurídico,65190
2384,Marina Leão,Advogado,Financeiro,52110
6375,Srta. Lara Correia,Analista de Contratos,Jurídico,79891
8321,Pedro Campos,Analista de Contratos,Operações,16185
4224,Milena Moraes,Financeiro,Financeiro,88253
8106,Henrique Caldeira,Analista de Contratos,Operações,66586
6638,Sara Alves,Gerente de Projetos,Financeiro,41068
4566,Sr. Gael da Mota,Advogado,Jurídico,77919
9601,Joana Cavalcanti,Financeiro,Jurídico,19617
7953,Maria da Cunha,Financeiro,Jurídico,57962
5286,Miguel Cardoso,Gerente de Projetos,Jurídico,73382
2968,Lunna da Costa,Gerente de Projetos,Financeiro,60362
3272,Júlia Sales,Gerente de Projetos,Jurídico,21176
3781,Leonardo Nascimento,Advogado,Jurídico,19617
8202,Maria Júlia Garcia,Analista de Contratos,Operações,14958
8595,Fernando Vargas,Financeiro,Operações,20601
4294,Enrico Oliveira,Financeiro,Vendas,39190
4258,Isadora Lopes,Financeiro,Operações,59737
5416,Manuella Ramos,Financeiro,Vendas,78126
5541,Nicolas Nascimento,Financeiro,Operações,84283
8015,Laura da Mata,Financeiro,Jurídico,54395
2613,Dra. Luiza Campos,Analista de Contratos,Financeiro,67000
7290,Maysa Porto,Analista de Contratos,Financeiro,49527
4527,Gustavo Alves,Financeiro,Financeiro,83459
6279,Helena Lopes,Financeiro,Vendas,85519
6968,Kevin Sousa,Advogado,Financeiro,90349
7882,Pedro Aparecida,Financeiro,Jurídico,77274
2025,Dr. Lucas Gabriel Costela,Financeiro,Vendas,42456
4669,Dra. Bárbara Pires,Analista de Contratos,Vendas,81212
5114,Dr. Enrico Jesus,Gerente de Projetos,Vendas,92357
3960,Sr. Brayan Gomes,Financeiro,Operações,20601
4602,Lívia Andrade,Financeiro,Operações,79754
2342,Lorena Rocha,Analista de Contratos,Vendas,19977
8856,Ana Liz Pacheco,Advogado,Financeiro,71682
8437,Mathias Lima,Analista de Contratos,Jurídico,79581
5542,Camila Pimenta,Gerente de Projetos,Financeiro,66707
8629,Sr. Benjamim Barros,Gerente de Projetos,Financeiro,58154
7069,Valentim Rocha,Advogado,Operações,12998
4852,Camila Porto,Gerente de Projetos,Vendas,43829
5122,Sra. Maya Brito,Advogado,Jurídico,96639
6229,Dr. Pedro Miguel Castro,Gerente de Projetos,Vendas,24541
9591,Sabrina Melo,Analista de Contratos,Vendas,58703
9539,Bruno Caldeira,Gerente de Projetos,Vendas,37575
9416,Sra. Sofia Fonseca,Advogado,Financeiro,27406
2385,João Gabriel Nogueira,Analista de Contratos,Jurídico,41418
2088,Yago Andrade,Analista de Contratos,Vendas,60876
4828,Cauã Moura,Advogado,Operações,31094
6036,Dr. Guilherme da Rocha,Advogado,Vendas,82309
5613,Ana Cecília Freitas,Gerente de Projetos,Jurídico,90011
5982,Zoe Casa Grande,Gerente de Projetos,Financeiro,12345
8969,Clarice Novais,Financeiro,Jurídico,57619
6114,Isabela Albuquerque,Advogado,Operações,38215
8621,Bárbara Araújo,Advogado,Operações,15158
6540,Julia Oliveira,Gerente de Projetos,Operações,33443
6360,Isabelly Nogueira,Analista de Contratos,Vendas,42682
8162,João Azevedo,Gerente de Projetos,Operações,17387
6775,Raul Gonçalves,Advogado,Jurídico,90029
6500,Mariana da Cruz,Gerente de Projetos,Vendas,24277
9176,Dra. Kamilly Jesus,Analista de Contratos,Financeiro,42089
4882,Bárbara Pimenta,Analista de Contratos,Operações,41400
5060,Sophie Cavalcante,Analista de Contratos,Jurídico,81442
7151,Caleb Vieira,Financeiro,Financeiro,27276
6357,Srta. Alana Rocha,Analista de Contratos,Vendas,37836
3411,Bryan Campos,Gerente de Projetos,Financeiro,88987
5965,João Lucas Pereira,Financeiro,Operações,96811
7610,Melina Rodrigues,Analista de Contratos,Operações,46842
8019,Allana Borges,Analista de Contratos,Financeiro,22673
7899,Srta. Anna Liz Novaes,Gerente de Projetos,Vendas,91108
3891,Ana Campos,Analista de Contratos,Financeiro,77899
6002,Luigi Pires,Gerente de Projetos,Operações,14839
5507,Samuel Campos,Analista de Contratos,Jurídico,17664
7838,Raquel Lopes,Financeiro,Operações,42756
8659,Nicole Mendonça,Financeiro,Financeiro,22981
2788,Mariana Campos,Analista de Contratos,Operações,65070
4320,Luiz Miguel Novaes,Gerente de Projetos,Vendas,38981
3420,Ravy Sousa,Analista de Contratos,Financeiro,40886
9725,Sra. Alícia Sá,Gerente de Projetos,Financeiro,73384
3974,Dr. Francisco da Mota,Gerente de Projetos,Financeiro,93933
7606,Dra. Elisa Carvalho,Financeiro,Vendas,99667
5278,Vitor Guerra,Gerente de Projetos,Operações,50176
6440,Dr. Bruno Castro,Advogado,Financeiro,37895
6726,Isabela Silveira,Gerente de Projetos,Jurídico,50860
4066,Sr. Fernando Montenegro,Analista de Contratos,Financeiro,34482
6742,Sra. Brenda Campos,Gerente de Projetos,Vendas,63131
7240,Theodoro Correia,Analista de Contratos,Financeiro,17157
5999,Maria Vitória Siqueira,Gerente de Projetos,Operações,68632
8492,Kevin Pacheco,Gerente de Projetos,Operações,86676
7753,Davi Lucas Montenegro,Analista de Contratos,Operações,12855
2055,Gabriela Ferreira,Advogado,Operações,64252
2756,Kamilly Silva,Advogado,Vendas,93130
6111,Brenda Aparecida,Gerente de Projetos,Financeiro,41180
4759,Thomas Rios,Advogado,Operações,10192
4872,Sofia Peixoto,Advogado,Operações,25227
2568,Thiago Viana,Advogado,Jurídico,11955
9701,Srta. Ana Júlia Silva,Analista de Contratos,Jurídico,74475
4308,Camila da Luz,Financeiro,Jurídico,77117
6298,Gael Campos,Financeiro,Operações,37864
4831,Rhavi Fonseca,Financeiro,Financeiro,77463
3384,Renan Cunha,Advogado,Vendas,73508
3366,Clarice Pimenta,Advogado,Jurídico,79645
5778,Vinicius Melo,Analista de Contratos,Operações,51728
7033,Vitória Martins,Advogado,Jurídico,96811
7688,Caroline Leão,Analista de Contratos,Financeiro,46842
5259,Davi Miguel Pastor,Advogado,Jurídico,16702
8188,Mateus Silveira,Financeiro,Financeiro,83085
4194,Samuel Carvalho,Gerente de Projetos,Financeiro,15158
6335,Gael Henrique Pinto,Gerente de Projetos,Financeiro,61664
4558,Asafe Jesus,Financeiro,Vendas,26025
3349,Olívia Andrade,Financeiro,Financeiro,12855
7893,Valentim Barros,Advogado,Financeiro,10078
2594,Sr. Erick Nascimento,Financeiro,Operações,47749
9440,Dr. Miguel Leão,Financeiro,Financeiro,12998
9996,Júlia Nascimento,Financeiro,Jurídico,10660
2321,Maitê Marques,Analista de Contratos,Vendas,49399
9495,Laís Cassiano,Financeiro,Operações,55140
2036,Mirella Costela,Analista de Contratos,Vendas,57992
2881,Heitor da Conceição,Financeiro,Jurídico,49488
3338,Srta. Emilly Silveira,Advogado,Financeiro,49242
4033,Sr. Ravy Rocha,Gerente de Projetos,Vendas,88987
5202,Anthony Teixeira,Analista de Contratos,Vendas,26344
9863,Ana Sophia Cassiano,Gerente de Projetos,Vendas,39781
9109,Maria Sophia Campos,Analista de Contratos,Jurídico,97416
7983,Ana Beatriz Vargas,Analista de Contratos,Vendas,31349
6631,Isabella Costa,Gerente de Projetos,Operações,26866
4764,Sra. Brenda Macedo,Analista de Contratos,Operações,91095
6024,Maria Julia da Rocha,Analista de Contratos,Financeiro,86676
6317,Noah Montenegro,Advogado,Operações,66978
6967,Carolina Silveira,Gerente de Projetos,Financeiro,99667
2120,Srta. Letícia Correia,Advogado,Vendas,28368
3764,Nathan Almeida,Gerente de Projetos,Operações,45969
4853,Sophia Fernandes,Gerente de Projetos,Financeiro,54009
5771,Heitor Montenegro,Gerente de Projetos,Operações,55966
4685,Mariane Pires,Advogado,Jurídico,42856
4520,Sra. Aylla Lopes,Advogado,Vendas,54847
5732,Heloisa Rocha,Analista de Contratos,Financeiro,25227
3998,Davi Luiz da Cunha,Analista de Contratos,Vendas,22179
4800,Sra. Isabella Peixoto,Advogado,Vendas,52167
5044,Antony Vieira,Financeiro,Vendas,21176
9871,Maria Isis Almeida,Analista de Contratos,Jurídico,28356
9572,Thomas Fernandes,Advogado,Jurídico,97489
9435,Enzo Gabriel Barbosa,Gerente de Projetos,Operações,92028
2629,Cecília Moraes,Advogado,Jurídico,90794
8048,Dr. Apollo Gonçalves,Gerente de Projetos,Financeiro,43656
9998,Henry Nogueira,Financeiro,Jurídico,64252
4811,Maria Laura Albuquerque,Financeiro,Financeiro,76103
4269,Anthony Gabriel Barros,Financeiro,Vendas,44793
3522,Ana Beatriz Azevedo,Financeiro,Vendas,78126
7416,Dr. Fernando Araújo,Analista de Contratos,Vendas,40886
6017,Isabelly da Costa,Analista de Contratos,Vendas,67491
8505,Heloisa Souza,Financeiro,Financeiro,40886
6982,Maria Julia Marques,Gerente de Projetos,Operações,77377
6806,João Felipe Costela,Analista de Contratos,Jurídico,35581
7127,Noah Barbosa,Gerente de Projetos,Operações,68019
5741,Kaique Barbosa,Financeiro,Jurídico,87878
7065,Maria Clara Ribeiro,Advogado,Vendas,90333
2471,Luiz Gustavo Sampaio,Financeiro,Financeiro,29242
3816,Isabella Pimenta,Gerente de Projetos,Operações,99244
6429,Ana Sophia Pimenta,Financeiro,Jurídico,23042
3936,Pedro Lucas Ferreira,Gerente de Projetos,Vendas,42799
5339,Davi Miguel Cirino,Financeiro,Vendas,10904
7600,José Pedro Rocha,Gerente de Projetos,Financeiro,46391
7918,Clara da Luz,Financeiro,Financeiro,75358
4837,Laura Martins,Analista de Contratos,Financeiro,45456
4119,Davi Luiz Costa,Analista de Contratos,Vendas,25927
4103,Maitê das Neves,Analista de Contratos,Jurídico,83350
3485,Antônio Machado,Analista de Contratos,Vendas,83313
3040,Daniel Fogaça,Gerente de Projetos,Jurídico,89998
7658,Lavínia Almeida,Financeiro,Vendas,55140
7197,Srta. Ana Luiza Vargas,Gerente de Projetos,Vendas,48056
9129,Ana Sophia Casa Grande,Gerente de Projetos,Vendas,82240
7601,Sr. Pedro Lucas Macedo,Analista de Contratos,Financeiro,57962
9208,João Pedro Cirino,Gerente de Projetos,Operações,51390
8900,Luiz Miguel Silveira,Analista de Contratos,Jurídico,96809
8247,Gael Henrique Mendonça,Advogado,Financeiro,69001
6486,Pedro Miguel Souza,Analista de Contratos,Financeiro,74933
5880,Luigi Fonseca,Advogado,Operações,44964
3599,Théo Gonçalves,Analista de Contratos,Vendas,86676
8601,Maria Isis Pastor,Advogado,Operações,43829
6591,Kamilly Fonseca,Analista de Contratos,Financeiro,99667
3344,Eloá da Rosa,Analista de Contratos,Operações,49323
2839,Dr. Pedro Lucas Fernandes,Financeiro,Vendas,30247
3332,Lucca Moreira,Gerente de Projetos,Vendas,23028
3631,Letícia Abreu,Advogado,Financeiro,17707
2803,Sra. Maria Alice Brito,Advogado,Jurídico,30045
7064,Sra. Ana Júlia Aparecida,Financeiro,Financeiro,89908
3484,Dr. João Gabriel Lopes,Financeiro,Vendas,11955
9727,Benjamin Peixoto,Analista de Contratos,Operações,80936
5628,Natália Pires,Analista de Contratos,Vendas,42733
3129,Maria Julia Monteiro,Gerente de Projetos,Jurídico,64100
7120,Sr. Luiz Fernando Pacheco,Financeiro,Jurídico,21079
6441,Sara Lopes,Financeiro,Financeiro,20692
6855,Ágatha Albuquerque,Advogado,Operações,21057
8701,Maria Vitória Freitas,Advogado,Financeiro,67491
3773,Nicole Lima,Financeiro,Financeiro,71516
2906,Milena Azevedo,Financeiro,Financeiro,69931
8312,Srta. Maria Eduarda Mendonça,Financeiro,Operações,15327
3549,Ana Luiza Alves,Gerente de Projetos,Vendas,27290
3853,Pedro Lucas da Rocha,Financeiro,Jurídico,97489
5004,Anthony Fogaça,Financeiro,Vendas,21943
2769,Levi Leão,Gerente de Projetos,Jurídico,35618
2445,Kevin Monteiro,Gerente de Projetos,Operações,73634
6069,Emanuella Camargo,Advogado,Jurídico,70140
8423,Antonella Moura,Gerente de Projetos,Vendas,99682
3324,Anthony Mendonça,Advogado,Jurídico,98443
7192,Raul Ferreira,Advogado,Financeiro,89908
4782,Gabriela Novaes,Gerente de Projetos,Operações,74325
8962,Thomas Costela,Advogado,Financeiro,53918
4380,Srta. Isabela Pinto,Gerente de Projetos,Financeiro,13833
7346,Natália Moreira,Analista de Contratos,Financeiro,11547
7038,Sra. Laís Garcia,Analista de Contratos,Financeiro,52849
3584,Luna da Conceição,Advogado,Vendas,53075
2667,Bento Jesus,Gerente de Projetos,Operações,39719
3264,Fernanda da Rocha,Analista de Contratos,Jurídico,17157
4943,Ravy Sales,Gerente de Projetos,Financeiro,58154
8151,Sr. Dante Azevedo,Advogado,Financeiro,28564
2556,Ian da Mata,Financeiro,Vendas,66707
2789,Ester Leão,Gerente de Projetos,Financeiro,73812
4516,Dr. Carlos Eduardo Pacheco,Advogado,Operações,77363
6979,Mariah Ferreira,Gerente de Projetos,Financeiro,30245
9896,Maria Helena Araújo,Analista de Contratos,Vendas,33183
6728,Sr. Marcelo Pastor,Gerente de Projetos,Financeiro,62386
8215,João Guilherme Guerra,Advogado,Jurídico,69383
6695,Dra. Ana Luiza Fernandes,Financeiro,Vendas,55053
7692,Ana Azevedo,Financeiro,Jurídico,84777
8239,Felipe Fogaça,Advogado,Financeiro,69579
9588,Erick Novais,Analista de Contratos,Operações,27277
7369,Benjamin Costa,Analista de Contratos,Vendas,17157
3785,Ana Liz Ramos,Gerente de Projetos,Vendas,27489
2720,Dra. Lunna da Cruz,Advogado,Vendas,68541
4703,Agatha Rezende,Financeiro,Vendas,49319
3798,Dra. Brenda Moura,Gerente de Projetos,Vendas,79919
2030,Isaque Alves,Analista de Contratos,Jurídico,72452
5351,Benjamin Machado,Gerente de Projetos,Vendas,21533
2093,Oliver Barros,Analista de Contratos,Operações,92835
5716,Davi Lucca Cassiano,Gerente de Projetos,Jurídico,56874
2491,Alexandre Azevedo,Analista de Contratos,Jurídico,77576
9612,Joana da Cunha,Analista de Contratos,Operações,80737
8819,Maya Nogueira,Analista de Contratos,Vendas,84187
4389,Eduarda Lopes,Financeiro,Financeiro,28813
8056,Olivia Moura,Advogado,Financeiro,59737
9835,Carlos Eduardo da Cruz,Gerente de Projetos,Financeiro,17463
4710,Dr. Cauê da Mata,Advogado,Financeiro,25927
6252,Maria Cecília da Luz,Analista de Contratos,Jurídico,59875
8747,Ana Clara Fogaça,Gerente de Projetos,Jurídico,73576
7036,Alexandre Montenegro,Financeiro,Vendas,56155
4672,Letícia Dias,Advogado,Operações,41536
2698,Calebe Martins,Analista de Contratos,Financeiro,84777
4012,Asafe da Rosa,Analista de Contratos,Vendas,64502
5243,Olívia Costela,Financeiro,Operações,41224
7514,Davi Luiz Sá,Analista de Contratos,Vendas,46391
6407,Caleb Dias,Advogado,Jurídico,91651
7897,Dr. Ryan Moura,Gerente de Projetos,Financeiro,51891
4881,Noah Barros,Analista de Contratos,Vendas,52110
2190,Lunna Câmara,Analista de Contratos,Jurídico,83455
7170,Sra. Aurora Cavalcanti,Analista de Contratos,Financeiro,19527
7115,Gabrielly Macedo,Gerente de Projetos,Vendas,35660
4011,Hadassa Marques,Advogado,Jurídico,19083
8170,Ana Luiza da Costa,Gerente de Projetos,Operações,19617
9696,Davi Lucca Ramos,Gerente de Projetos,Operações,24005
6452,Srta. Zoe Ribeiro,Financeiro,Financeiro,15692
7852,Benjamim Fogaça,Financeiro,Jurídico,36664
3745,Nicole da Conceição,Advogado,Operações,59536
7614,Joaquim Moreira,Analista de Contratos,Vendas,85355
6138,Ana Laura Fonseca,Analista de Contratos,Jurídico,64312
2716,Melina Novais,Analista de Contratos,Financeiro,83706
7160,Rhavi Correia,Advogado,Vendas,61176
5722,Thales Nunes,Gerente de Projetos,Financeiro,47923
9757,Oliver Silveira,Financeiro,Financeiro,38215
5053,Matheus da Cruz,Analista de Contratos,Financeiro,50223
3398,Pedro Lucas da Conceição,Financeiro,Vendas,33140
3540,Heloisa da Paz,Advogado,Vendas,77966
7831,Ana Cecília Vasconcelos,Financeiro,Operações,42090
5356,Cecília Brito,Gerente de Projetos,Jurídico,56256
7634,Raquel Fogaça,Financeiro,Jurídico,80486
6660,Maria Correia,Financeiro,Operações,31917
3134,Maria Isis Moura,Gerente de Projetos,Financeiro,40324
5237,André Novais,Gerente de Projetos,Jurídico,64252
5885,Mirella Caldeira,Gerente de Projetos,Operações,81112
3793,Davi Lucca da Cunha,Financeiro,Jurídico,10539
3408,Ana Vitória Leão,Gerente de Projetos,Financeiro,18058
8457,Sr. Augusto Andrade,Analista de Contratos,Vendas,77004
2843,Theo Sampaio,Advogado,Operações,50860
8068,Dr. Asafe Moreira,Advogado,Vendas,85355
6495,Ana Beatriz Silveira,Financeiro,Vendas,81131
9640,Srta. Heloísa Campos,Advogado,Jurídico,63799
8647,Augusto Fonseca,Financeiro,Operações,39489
4018,Davi Luiz Jesus,Analista de Contratos,Jurídico,52106
8406,Thiago Vieira,Advogado,Vendas,35504
8203,Miguel Ribeiro,Gerente de Projetos,Operações,49323
6061,Calebe Barbosa,Advogado,Vendas,32952
4857,Yan Moraes,Advogado,Financeiro,69931
9642,Luiz Felipe Câmara,Analista de Contratos,Financeiro,28564
2738,Dr. Antônio Campos,Gerente de Projetos,Operações,68637
2918,Marcos Vinicius Dias,Analista de Contratos,Vendas,92028
7276,Eduardo Viana,Financeiro,Financeiro,90710
8294,Maria Julia Farias,Gerente de Projetos,Vendas,66648
2872,Pedro Henrique Campos,Analista de Contratos,Vendas,90696
8744,Melissa Gonçalves,Financeiro,Jurídico,46661
5761,Gabriela Almeida,Advogado,Operações,41989
4970,Luana Mendes,Gerente de Projetos,Jurídico,26608
9358,Ana da Cruz,Financeiro,Jurídico,15363
6770,Marcos Vinicius Silveira,Gerente de Projetos,Vendas,53486
5201,Beatriz da Mata,Analista de Contratos,Operações,20590
8842,Sr. Kevin Borges,Gerente de Projetos,Operações,69055
9408,Alexandre Oliveira,Gerente de Projetos,Jurídico,49673
7739,Srta. Mariana Gonçalves,Advogado,Vendas,27442
9798,Maria Julia Fernandes,Gerente de Projetos,Jurídico,64252
8580,Dra. Raquel Carvalho,Gerente de Projetos,Operações,12524
4995,Lara Novaes,Gerente de Projetos,Financeiro,75788
8223,Lorena das Neves,Analista de Contratos,Jurídico,25927
6442,Olívia Freitas,Financeiro,Vendas,97009
3213,Lorenzo Nogueira,Advogado,Operações,21350
8284,Laís Andrade,Financeiro,Operações,52047
7572,Anthony Gabriel da Rocha,Financeiro,Jurídico,97929
9917,Erick Pacheco,Advogado,Operações,88987
4451,Clarice Lopes,Analista de Contratos,Vendas,41224
7480,Rafael da Rosa,Financeiro,Operações,59842
8454,Maria Luiza Fogaça,Analista de Contratos,Operações,67143
3671,Nina Sá,Gerente de Projetos,Vendas,20841
2354,Larissa Lima,Analista de Contratos,Jurídico,40662
9716,Vitor Hugo Sampaio,Financeiro,Jurídico,57693
4829,Lucas Nogueira,Financeiro,Vendas,82435
5454,Kamilly Vargas,Advogado,Jurídico,40018
3903,Evelyn Lima,Gerente de Projetos,Operações,79392
7213,Cecilia Silveira,Financeiro,Vendas,34240
3047,Anthony Gabriel Azevedo,Advogado,Operações,59842
7628,Lorena Dias,Analista de Contratos,Operações,87878
8788,Catarina Silveira,Gerente de Projetos,Operações,87425
2662,Anthony Gabriel Porto,Analista de Contratos,Jurídico,88322
8689,Dr. Davi Miguel Montenegro,Financeiro,Jurídico,32079
9357,Igor Ribeiro,Advogado,Jurídico,11354
2246,Bruno Barros,Advogado,Vendas,23220
2680,Bella Novaes,Analista de Contratos,Jurídico,38432
8376,Isadora Porto,Gerente de Projetos,Vendas,12384
9353,Felipe Marques,Financeiro,Jurídico,54559
2066,Enrico Barros,Analista de Contratos,Financeiro,23042
9614,Diego Mendes,Financeiro,Operações,34546
4923,Yan Duarte,Analista de Contratos,Vendas,51390
4906,Manuella Macedo,Advogado,Financeiro,25631
9279,Maysa Correia,Analista de Contratos,Vendas,59134
3286,Alexandre Pastor,Analista de Contratos,Jurídico,39398
4080,Marcela Sá,Financeiro,Financeiro,77363
3330,Sr. Lucas Gabriel Pastor,Financeiro,Operações,32079
6697,Allana Caldeira,Advogado,Operações,12651
9939,Gael Henrique Gomes,Financeiro,Vendas,75662
2609,Dr. Leandro Pimenta,Financeiro,Vendas,63608
2591,Luna Fernandes,Analista de Contratos,Financeiro,81212
2327,Srta. Laís Machado,Financeiro,Financeiro,12748
3119,Ana Clara Castro,Financeiro,Operações,41380
4149,Sr. Luiz Gustavo Borges,Advogado,Vendas,10078
7611,Sra. Natália Rios,Financeiro,Financeiro,92028
6964,Eloá Garcia,Financeiro,Vendas,10539
5811,Daniel Mendes,Financeiro,Vendas,58063
4312,João Guilherme Cardoso,Advogado,Financeiro,48611
7641,Vitor Gabriel Sousa,Analista de Contratos,Vendas,83706
8190,João Pedro Freitas,Gerente de Projetos,Jurídico,74010
9839,Bento Macedo,Advogado,Financeiro,42730
9613,Sra. Lara Siqueira,Analista de Contratos,Financeiro,50954
4030,Francisco Campos,Gerente de Projetos,Vendas,24480
8541,Aurora Alves,Analista de Contratos,Vendas,46651
6909,Ian Dias,Analista de Contratos,Financeiro,32097
4503,Isabelly Novaes,Gerente de Projetos,Financeiro,50176
3623,Alana Jesus,Financeiro,Jurídico,67319
2343,Sr. Otto Machado,Analista de Contratos,Operações,10114
2846,Lucca Cardoso,Gerente de Projetos,Jurídico,98565
4163,Sr. Marcelo Peixoto,Financeiro,Jurídico,29104
5363,Sr. Gael Ribeiro,Financeiro,Financeiro,66031
9360,Luan da Luz,Advogado,Financeiro,18732
3665,Sr. Diego Alves,Gerente de Projetos,Operações,49519
2833,Srta. Maria Flor Lima,Analista de Contratos,Vendas,84424
9192,Murilo das Neves,Financeiro,Jurídico,39394
2913,Ana Liz Sampaio,Analista de Contratos,Jurídico,44559
8989,Isaque Camargo,Gerente de Projetos,Vendas,30045
4698,Dr. Anthony Moraes,Advogado,Vendas,71780
2804,Caio Campos,Financeiro,Vendas,67546
5472,Alice Pereira,Advogado,Financeiro,96051
7878,Luiz Fernando Aparecida,Financeiro,Jurídico,76639
5313,Arthur da Mata,Financeiro,Jurídico,60100
8814,Sr. Pedro Araújo,Gerente de Projetos,Jurídico,75267
2480,Helena Andrade,Gerente de Projetos,Financeiro,67237
2266,Sr. Rhavi Pacheco,Analista de Contratos,Financeiro,21843
6038,Davi Lucca Rios,Gerente de Projetos,Financeiro,81455
5958,Lavínia Abreu,Analista de Contratos,Jurídico,98972
5389,Theo Vasconcelos,Advogado,Operações,26866
8270,Luiz Miguel Aparecida,Analista de Contratos,Financeiro,72452
6744,Srta. Julia Nunes,Analista de Contratos,Vendas,58154
6289,João Abreu,Analista de Contratos,Vendas,18058
8461,Sra. Lorena Abreu,Analista de Contratos,Vendas,54847
3096,Stephany Melo,Financeiro,Operações,25354
7034,Maria Fernanda Teixeira,Gerente de Projetos,Financeiro,91555
8099,Maria Fernanda Garcia,Analista de Contratos,Financeiro,68588
5006,Sra. Emilly Fogaça,Advogado,Operações,83706
4283,Pietra Machado,Financeiro,Jurídico,61521
3322,Davi Lucca Pastor,Analista de Contratos,Operações,43583
6852,Sr. Ravi Lucca da Rocha,Gerente de Projetos,Jurídico,25343
6037,Ana Lívia Nascimento,Analista de Contratos,Jurídico,60695
3495,Luara Cunha,Financeiro,Jurídico,58656
4903,Davi Lucca Casa Grande,Financeiro,Vendas,58294
4532,Maria Alice Vasconcelos,Advogado,Jurídico,45215
3886,Marina da Paz,Analista de Contratos,Financeiro,12855
8513,Samuel Monteiro,Analista de Contratos,Vendas,73576
3052,Diogo Guerra,Advogado,Vendas,67058
2069,Ísis da Costa,Advogado,Vendas,75968
9549,Sr. Thiago Ferreira,Advogado,Operações,54395
9108,Maysa Nunes,Analista de Contratos,Financeiro,39249
3228,Ryan Silva,Analista de Contratos,Jurídico,75193
9926,Luan da Cruz,Advogado,Operações,29748
3929,Sr. João Mendes,Gerente de Projetos,Vendas,53486
5770,Pietro Moura,Advogado,Financeiro,21671
9385,Arthur da Costa,Analista de Contratos,Financeiro,66648
4242,Anthony Gabriel Pimenta,Advogado,Jurídico,75650
7928,Sra. Maya Gomes,Advogado,Financeiro,83251
7335,Enzo Gabriel Barros,Advogado,Financeiro,63309
7093,Apollo Jesus,Gerente de Projetos,Financeiro,71849
4688,Enrico Câmara,Analista de Contratos,Jurídico,46773
5206,Breno Rocha,Gerente de Projetos,Financeiro,45215
5998,Dr. Gael Silveira,Analista de Contratos,Vendas,91516
8767,Rhavi Nunes,Analista de Contratos,Operações,52994
2160,Ana Sophia Aparecida,Advogado,Jurídico,23303
6378,Mirella Pires,Gerente de Projetos,Financeiro,32079
2561,Valentim Pacheco,Advogado,Vendas,52047
5321,Srta. Maria Costa,Analista de Contratos,Operações,61716
3843,Ana Rocha,Analista de Contratos,Operações,13366
7137,Eduarda Nascimento,Analista de Contratos,Operações,24005
5558,Raquel Barros,Analista de Contratos,Jurídico,28277
2748,Dra. Ana Lívia Silveira,Financeiro,Financeiro,97490
4047,Pietro Gonçalves,Advogado,Financeiro,37737
6180,Marina Lima,Gerente de Projetos,Operações,38432
